CreditScore,Age,Tenure,Balance,NumOfProducts,HasCrCard,IsActiveMember,EstimatedSalary,Geography
807,42.0,5,0.0,2,1.0,1.0,74900.9,Spain
623,43.0,1,0.0,2,1.0,1.0,146379.3,France
601,44.0,4,0.0,2,1.0,0.0,58561.31,Spain
506,59.0,8,119152.1,2,1.0,1.0,170679.74,Germany
560,27.0,7,124995.98,1,1.0,1.0,114669.79,Spain
807,40.0,1,134590.21,1,1.0,1.0,46253.65,Germany
439,32.0,3,138901.61,1,1.0,0.0,75685.97,Spain
656,30.0,3,0.0,2,0.0,1.0,17104.0,France
686,22.0,8,0.0,2,0.0,0.0,142331.85,Spain
464,42.0,3,85679.25,1,1.0,1.0,164104.74,Germany
481,57.0,9,0.0,3,1.0,1.0,169719.35,France
717,36.0,2,99472.76,2,1.0,0.0,94274.72,France
529,32.0,9,147493.89,1,1.0,0.0,33656.35,France
677,43.0,3,133214.88,2,1.0,1.0,95936.84,Spain
696,19.0,1,110928.51,1,1.0,1.0,2766.63,France
599,40.0,10,137456.28,2,1.0,1.0,14113.11,Germany
586,57.0,3,0.0,2,0.0,1.0,6057.81,Spain
563,24.0,7,0.0,2,0.0,0.0,16319.56,Spain
605,34.0,2,0.0,1,0.0,0.0,35982.42,France
605,41.0,5,91612.91,1,1.0,1.0,28427.84,France
679,41.0,8,147726.98,3,1.0,0.0,172749.4,France
762,35.0,9,0.0,2,1.0,1.0,43075.7,France
687,44.0,9,0.0,2,0.0,0.0,103042.2,France
708,54.0,8,145151.4,1,0.0,1.0,125311.17,Germany
696,44.0,8,161889.79,1,0.0,0.0,75562.47,France
619,35.0,4,90413.12,1,1.0,1.0,20555.21,France
578,34.0,8,147487.23,2,1.0,0.0,66680.77,Germany
528,32.0,0,68138.37,1,1.0,1.0,170309.19,Spain
713,32.0,1,117094.02,1,0.0,0.0,149558.83,France
664,38.0,4,74306.19,2,1.0,0.0,154395.56,France
680,30.0,8,141441.75,1,1.0,1.0,16278.97,France
819,38.0,10,0.0,2,1.0,0.0,30498.7,France
510,45.0,10,103821.47,2,0.0,1.0,77878.62,France
628,45.0,6,53667.44,1,1.0,0.0,115022.94,Germany
748,34.0,5,84009.47,1,1.0,1.0,137001.1,France
579,56.0,4,99340.83,1,0.0,0.0,4523.74,Spain
531,31.0,2,118899.45,2,0.0,0.0,41409.36,Spain
587,34.0,1,0.0,2,1.0,1.0,97932.68,Spain
711,38.0,3,128718.78,1,0.0,0.0,114793.45,Spain
613,44.0,3,0.0,2,0.0,1.0,136491.72,France
560,31.0,3,115141.18,1,1.0,0.0,39806.75,France
475,45.0,0,134264.04,1,1.0,0.0,27822.99,France
662,42.0,6,105021.28,1,1.0,0.0,48242.38,Spain
440,42.0,2,0.0,2,1.0,0.0,49826.68,France
668,32.0,1,134446.04,1,0.0,1.0,111241.37,Spain
582,41.0,6,70349.48,2,0.0,1.0,178074.04,Germany
674,37.0,3,0.0,1,1.0,0.0,158049.9,France
692,43.0,2,69014.49,2,0.0,0.0,164621.43,Germany
521,38.0,5,110641.18,1,0.0,1.0,136507.69,France
759,35.0,7,147936.42,1,1.0,1.0,106785.7,Spain
715,42.0,2,88120.97,2,1.0,1.0,21333.22,Germany
655,30.0,1,83173.98,2,1.0,1.0,184259.6,Germany
763,67.0,1,149436.73,2,0.0,1.0,106282.74,France
695,39.0,4,65521.2,1,1.0,1.0,1243.97,Spain
495,45.0,3,89158.94,3,1.0,0.0,135169.76,Spain
581,25.0,5,77886.53,2,1.0,0.0,150319.49,France
829,26.0,8,101440.36,2,1.0,1.0,19324.5,Spain
796,23.0,3,146584.19,2,0.0,0.0,125445.8,Spain
686,43.0,0,0.0,1,1.0,1.0,170072.9,France
505,40.0,6,47869.69,2,1.0,1.0,155061.97,Germany
528,30.0,2,128262.72,2,1.0,0.0,50771.16,France
722,50.0,4,132088.59,1,1.0,1.0,128262.14,Spain
684,18.0,9,90544.0,1,0.0,1.0,4777.23,Germany
785,36.0,2,99806.85,1,0.0,1.0,36976.52,Germany
607,27.0,5,100912.19,1,0.0,0.0,7631.27,Spain
667,27.0,2,138032.15,1,1.0,0.0,166317.71,Germany
480,28.0,6,0.0,2,0.0,0.0,48131.92,France
806,36.0,8,167983.17,2,1.0,1.0,106714.28,Germany
551,35.0,7,129717.3,2,0.0,0.0,86937.2,France
604,35.0,7,147285.52,1,1.0,1.0,57807.05,Spain
466,30.0,3,0.0,1,1.0,0.0,193984.6,France
601,42.0,9,133636.16,1,0.0,1.0,103315.74,Germany
674,46.0,2,174701.05,1,1.0,0.0,90189.72,France
531,31.0,3,0.0,1,1.0,1.0,42589.33,France
632,32.0,6,111589.33,1,1.0,1.0,170382.99,France
636,30.0,8,141787.31,2,1.0,1.0,109685.61,Germany
723,25.0,3,0.0,2,1.0,1.0,134509.47,France
683,29.0,0,157829.12,1,0.0,0.0,129891.66,France
661,20.0,8,0.0,1,1.0,0.0,110252.53,Spain
627,30.0,6,57809.32,1,1.0,0.0,188258.49,Germany
765,46.0,8,119492.88,2,0.0,1.0,166896.01,Germany
571,66.0,9,111577.01,1,0.0,1.0,189271.9,Germany
633,35.0,10,0.0,2,1.0,0.0,65675.47,France
636,45.0,7,139859.23,1,1.0,1.0,108402.54,France
682,40.0,4,0.0,2,1.0,1.0,140745.91,France
482,48.0,2,69329.47,1,0.0,0.0,102640.52,Germany
786,62.0,8,0.0,1,1.0,1.0,165702.64,France
747,45.0,1,114959.12,1,1.0,0.0,189362.39,France
528,32.0,4,85615.66,2,1.0,0.0,156192.43,France
592,36.0,1,126477.42,1,0.0,0.0,179718.17,France
432,27.0,6,62339.81,2,0.0,0.0,53874.67,France
620,25.0,8,141825.88,1,1.0,1.0,73857.94,Germany
589,46.0,10,0.0,2,0.0,1.0,168369.37,Spain
675,33.0,3,0.0,2,1.0,0.0,45348.08,Spain
652,51.0,7,0.0,2,0.0,1.0,43496.36,France
638,27.0,4,135096.05,1,1.0,1.0,186523.72,Germany
828,37.0,4,0.0,2,1.0,0.0,94845.45,France
710,37.0,6,135795.63,1,0.0,1.0,46523.6,Germany
553,37.0,1,0.0,1,1.0,0.0,30461.55,France
726,36.0,2,0.0,1,1.0,0.0,195192.4,Spain
710,43.0,2,140080.32,3,1.0,1.0,157908.19,Germany
491,68.0,1,95039.12,1,0.0,1.0,116471.14,Germany
522,41.0,7,0.0,2,0.0,1.0,176780.39,France
516,37.0,8,113143.12,1,0.0,0.0,3363.36,France
571,38.0,1,121405.04,1,1.0,1.0,154844.22,France
511,33.0,7,0.0,2,0.0,1.0,158313.87,France
481,44.0,9,175303.06,1,1.0,0.0,65500.53,France
758,68.0,6,112595.85,1,1.0,0.0,35865.44,Germany
656,46.0,7,141535.52,1,1.0,0.0,50595.15,Germany
523,41.0,0,119276.31,1,0.0,0.0,122284.38,Germany
567,39.0,5,0.0,2,0.0,0.0,168521.72,France
850,19.0,8,0.0,1,1.0,1.0,68569.89,France
750,26.0,1,151510.17,2,1.0,1.0,19921.72,France
779,33.0,1,158456.76,1,1.0,1.0,197000.92,Germany
850,35.0,9,102050.47,1,1.0,1.0,3769.71,France
618,33.0,4,0.0,2,1.0,1.0,77550.18,Spain
735,36.0,5,0.0,2,1.0,0.0,105152.17,Spain
710,27.0,2,135277.96,1,1.0,0.0,142200.15,Spain
714,49.0,4,93059.34,1,1.0,0.0,7571.51,Germany
850,54.0,4,120952.74,1,1.0,0.0,66963.15,Spain
650,32.0,2,84906.45,1,1.0,0.0,163216.48,France
794,56.0,9,96951.21,1,1.0,1.0,71776.76,France
573,36.0,1,0.0,1,1.0,1.0,56905.38,France
757,47.0,3,130747.1,1,1.0,0.0,143829.54,France
670,35.0,2,124268.64,2,0.0,1.0,84321.03,Spain
669,37.0,1,125529.55,1,1.0,1.0,162260.93,France
628,31.0,6,175443.75,1,1.0,0.0,113167.17,France
721,33.0,5,0.0,2,0.0,1.0,117626.9,Spain
700,36.0,4,0.0,2,1.0,0.0,130789.15,France
500,47.0,8,128486.11,1,1.0,0.0,179227.12,Spain
761,32.0,4,103515.39,2,1.0,1.0,177622.38,Spain
676,29.0,4,140720.93,1,1.0,0.0,36221.18,France
524,31.0,10,67238.98,2,1.0,1.0,161811.23,Germany
709,39.0,8,0.0,2,1.0,0.0,56214.09,France
562,36.0,5,0.0,1,0.0,1.0,182843.24,Spain
562,33.0,8,92659.2,2,1.0,0.0,1354.25,Germany
773,41.0,9,102827.44,1,0.0,1.0,64595.25,Spain
709,35.0,2,0.0,2,1.0,0.0,104982.39,Spain
656,39.0,10,0.0,2,1.0,1.0,98894.64,France
771,47.0,3,72664.0,2,1.0,1.0,107874.39,Spain
699,34.0,4,185173.81,2,1.0,0.0,120834.48,Germany
590,40.0,8,0.0,2,1.0,0.0,62933.03,France
521,49.0,4,82940.25,2,0.0,0.0,62413.01,Spain
520,42.0,6,0.0,2,1.0,1.0,34410.55,Spain
687,26.0,6,0.0,2,1.0,1.0,32909.13,France
469,52.0,8,139493.25,3,0.0,0.0,150093.32,Germany
607,31.0,1,102523.88,1,1.0,1.0,166792.71,France
594,57.0,6,0.0,1,1.0,0.0,19376.56,France
521,37.0,2,0.0,2,1.0,1.0,86372.24,France
663,64.0,6,0.0,2,0.0,1.0,15876.52,Spain
529,31.0,5,0.0,2,1.0,0.0,26817.23,France
525,59.0,6,55328.4,1,1.0,0.0,83342.73,France
682,29.0,6,101012.77,1,0.0,0.0,32589.89,Germany
765,33.0,5,84557.82,1,1.0,1.0,69039.43,Spain
588,33.0,9,150186.22,2,1.0,1.0,65611.01,Germany
704,33.0,0,130499.09,2,1.0,1.0,74804.36,France
555,44.0,3,105770.7,3,1.0,0.0,60533.96,France
533,36.0,7,85311.7,1,0.0,1.0,156731.91,France
666,30.0,3,110153.27,1,0.0,1.0,74849.46,Germany
783,42.0,2,139707.28,1,1.0,0.0,2150.22,Germany
411,29.0,0,59697.17,2,1.0,1.0,53483.21,France
526,30.0,9,0.0,2,0.0,0.0,100995.68,France
566,54.0,4,118614.6,2,1.0,1.0,172601.62,Germany
497,47.0,6,0.0,1,1.0,1.0,90055.08,France
744,31.0,9,120718.28,1,1.0,1.0,58961.49,France
582,32.0,1,88938.62,1,1.0,1.0,10054.53,Germany
552,39.0,2,132906.88,1,0.0,1.0,149384.43,Germany
712,34.0,1,0.0,2,1.0,1.0,195052.12,France
493,37.0,8,142987.46,2,1.0,0.0,158840.99,France
649,36.0,8,0.0,2,1.0,0.0,161668.15,Spain
661,28.0,7,95357.49,1,0.0,0.0,102297.15,Spain
544,53.0,9,0.0,1,1.0,0.0,125692.07,Spain
686,38.0,7,111484.88,1,1.0,1.0,76076.2,Spain
671,23.0,9,123943.18,1,1.0,1.0,159553.27,Germany
706,28.0,3,0.0,2,0.0,1.0,181543.67,Spain
553,33.0,4,118082.89,1,0.0,0.0,94440.45,France
571,25.0,6,82506.72,2,1.0,0.0,167705.07,Germany
603,38.0,8,59360.77,1,1.0,1.0,191457.06,France
696,41.0,8,0.0,2,0.0,0.0,28276.83,France
752,33.0,4,0.0,2,1.0,1.0,39570.78,France
715,32.0,8,175307.32,1,1.0,0.0,187051.23,France
810,35.0,3,96814.46,2,1.0,1.0,120511.03,Germany
520,43.0,3,150805.17,3,0.0,1.0,25333.03,Germany
662,59.0,2,104568.41,1,1.0,0.0,8059.44,Germany
751,29.0,1,135536.5,1,1.0,0.0,66825.33,France
636,29.0,3,97325.15,1,0.0,1.0,131924.38,Germany
656,40.0,10,167878.5,1,0.0,1.0,151887.16,Spain
424,34.0,7,0.0,1,1.0,1.0,16250.61,Spain
718,37.0,8,0.0,2,1.0,1.0,142.81,France
501,41.0,3,144260.5,1,1.0,0.0,172114.67,France
586,47.0,5,157099.47,2,1.0,1.0,65481.86,Germany
710,75.0,5,0.0,2,1.0,1.0,9376.89,Spain
748,44.0,4,112610.77,1,0.0,1.0,2048.55,France
494,69.0,9,93320.8,1,1.0,1.0,24489.44,France
580,24.0,1,133811.78,1,1.0,0.0,17185.95,Germany
497,32.0,8,111537.23,4,1.0,1.0,9497.99,Germany
744,38.0,6,73023.17,2,1.0,0.0,78770.86,Germany
591,28.0,5,0.0,2,1.0,1.0,48606.92,France
638,48.0,10,138333.03,1,1.0,1.0,47679.14,France
581,46.0,2,79385.21,2,0.0,0.0,188492.82,Spain
782,27.0,3,0.0,2,1.0,0.0,143614.01,Spain
559,29.0,3,79715.36,1,1.0,0.0,82252.28,France
850,38.0,3,54901.01,1,1.0,1.0,140075.55,Germany
596,54.0,0,78126.28,1,1.0,1.0,153482.91,Spain
633,63.0,4,114552.6,1,1.0,0.0,73856.28,Spain
542,39.0,3,135096.77,1,1.0,1.0,14353.43,France
581,35.0,4,0.0,2,0.0,1.0,86383.82,France
698,48.0,4,101238.24,2,0.0,1.0,177815.87,France
683,32.0,9,0.0,2,1.0,1.0,24991.92,France
729,30.0,6,63669.42,1,1.0,0.0,145111.37,Germany
646,36.0,6,124445.52,1,1.0,0.0,88481.32,France
611,38.0,4,71018.6,2,1.0,0.0,2444.29,France
728,43.0,5,0.0,1,1.0,1.0,120088.17,Spain
455,27.0,5,155879.09,2,0.0,0.0,70774.97,France
627,55.0,6,0.0,1,0.0,0.0,91943.94,Spain
693,40.0,4,130661.96,1,1.0,1.0,101918.96,France
510,50.0,7,123936.54,1,1.0,1.0,23768.01,Germany
600,39.0,7,88477.36,2,1.0,0.0,58632.37,Germany
636,67.0,7,136709.35,1,0.0,1.0,66753.1,Germany
472,31.0,4,58662.92,2,0.0,1.0,73322.0,France
789,31.0,4,175477.15,1,1.0,1.0,172832.9,France
573,41.0,5,0.0,2,0.0,1.0,14479.29,Spain
692,36.0,3,0.0,2,1.0,1.0,8282.22,France
512,24.0,6,0.0,2,1.0,0.0,37654.31,France
657,41.0,8,109402.13,1,1.0,1.0,66463.62,Spain
572,54.0,9,97382.53,1,1.0,1.0,195771.95,Germany
707,32.0,9,0.0,2,1.0,0.0,126475.79,Spain
541,46.0,6,0.0,2,1.0,1.0,83456.67,France
692,66.0,4,159732.02,1,1.0,1.0,118188.15,France
724,40.0,6,110054.45,1,1.0,1.0,86950.72,France
531,27.0,8,132576.25,1,0.0,0.0,7222.92,Spain
487,61.0,5,110368.03,1,0.0,0.0,11384.45,Germany
565,34.0,6,0.0,1,1.0,1.0,63173.64,France
804,33.0,10,138335.96,1,1.0,1.0,80483.76,Germany
492,39.0,7,0.0,2,0.0,1.0,71323.23,France
804,71.0,8,0.0,2,0.0,1.0,147995.96,France
690,42.0,3,92578.14,2,0.0,0.0,70810.6,France
558,32.0,4,108235.91,1,1.0,1.0,143783.28,Germany
798,22.0,8,0.0,2,1.0,0.0,107615.43,France
446,45.0,10,125191.69,1,1.0,1.0,128260.86,Spain
603,55.0,7,127723.25,2,1.0,0.0,139469.11,Germany
430,36.0,1,138992.48,2,0.0,0.0,122373.42,Germany
665,34.0,1,96645.54,2,0.0,0.0,171413.66,France
745,46.0,7,0.0,2,1.0,1.0,67769.94,France
528,46.0,9,135555.66,1,1.0,0.0,133146.03,Germany
528,37.0,6,103772.45,1,1.0,0.0,197111.99,France
744,30.0,1,128065.12,1,1.0,0.0,121525.48,Spain
674,32.0,2,0.0,2,1.0,0.0,140579.17,Spain
674,43.0,8,85957.88,2,1.0,0.0,8757.39,Germany
786,32.0,6,114512.59,1,1.0,0.0,15796.66,Spain
581,50.0,2,143829.2,2,1.0,0.0,181224.24,Germany
524,36.0,10,0.0,2,1.0,0.0,109614.57,France
519,38.0,7,125328.56,1,1.0,0.0,188225.67,France
695,49.0,9,159458.53,1,1.0,0.0,135841.35,France
676,38.0,1,0.0,2,0.0,1.0,35644.79,France
764,34.0,6,108760.27,2,1.0,0.0,166324.79,Germany
734,39.0,6,92126.26,2,0.0,0.0,112973.34,Spain
682,43.0,7,111094.05,2,1.0,1.0,64679.3,Germany
651,34.0,4,91562.99,1,1.0,1.0,123954.15,France
710,30.0,6,0.0,2,1.0,1.0,8991.17,France
506,59.0,3,190353.08,1,1.0,0.0,78365.75,Germany
716,29.0,6,0.0,2,1.0,1.0,98998.61,France
801,58.0,1,79954.61,2,1.0,1.0,30484.19,Spain
518,41.0,5,110624.99,1,1.0,0.0,89327.67,Germany
593,29.0,5,101713.84,3,1.0,0.0,134594.99,Germany
636,60.0,7,124447.73,1,1.0,1.0,141364.62,Spain
587,42.0,5,120233.83,1,1.0,0.0,194890.33,Spain
518,28.0,9,85146.36,1,0.0,0.0,2803.89,France
632,28.0,5,118890.81,1,0.0,1.0,145157.97,France
694,31.0,6,109052.59,2,1.0,1.0,19448.93,Germany
700,30.0,9,0.0,1,1.0,1.0,174971.64,France
671,31.0,6,105864.6,2,1.0,0.0,145567.34,Germany
547,55.0,4,111362.76,3,1.0,0.0,16922.28,Germany
620,25.0,1,137712.01,1,1.0,1.0,76197.05,Germany
654,29.0,1,0.0,1,1.0,0.0,180345.44,France
664,41.0,5,0.0,1,1.0,1.0,152054.33,France
554,38.0,3,138731.95,1,1.0,1.0,194138.36,France
591,36.0,7,135216.8,1,1.0,1.0,122022.89,Spain
634,35.0,3,0.0,2,1.0,1.0,19515.48,Spain
584,26.0,4,0.0,2,1.0,0.0,147600.54,France
727,39.0,5,80615.46,2,0.0,0.0,180962.32,Germany
646,46.0,4,0.0,3,1.0,0.0,93251.42,France
706,53.0,3,0.0,3,0.0,0.0,88479.02,Spain
568,26.0,1,112930.28,2,1.0,0.0,22095.73,Germany
718,41.0,1,0.0,2,0.0,1.0,27509.52,France
627,28.0,3,157597.61,1,0.0,1.0,34097.22,Spain
646,30.0,10,100548.67,2,0.0,0.0,136983.77,Germany
565,38.0,0,122447.76,1,0.0,0.0,67339.34,Spain
774,53.0,4,113709.28,1,1.0,1.0,153887.93,France
785,40.0,3,0.0,2,1.0,1.0,96832.82,France
850,38.0,2,0.0,2,1.0,0.0,9015.07,France
815,37.0,1,166115.42,1,1.0,0.0,67208.3,France
807,33.0,10,101952.97,2,1.0,0.0,178153.65,France
665,33.0,2,101286.11,1,1.0,1.0,159840.51,France
850,49.0,6,128663.9,1,1.0,0.0,65769.3,France
525,30.0,5,0.0,2,0.0,1.0,149195.44,Spain
526,34.0,3,122726.56,1,1.0,1.0,46772.36,Germany
590,29.0,10,0.0,1,1.0,1.0,51907.72,Spain
449,52.0,6,0.0,2,0.0,1.0,123622.0,France
596,32.0,3,96709.07,2,0.0,0.0,41788.37,Germany
640,67.0,3,0.0,1,0.0,1.0,42964.63,France
707,32.0,9,0.0,2,0.0,0.0,30807.02,France
561,24.0,8,143656.55,1,0.0,1.0,180932.46,Spain
676,31.0,3,78990.15,1,1.0,1.0,124777.14,France
605,33.0,5,150092.8,1,0.0,0.0,71862.79,Spain
684,39.0,4,207034.96,2,0.0,0.0,157694.76,Spain
632,34.0,2,0.0,2,0.0,0.0,165385.55,France
774,47.0,6,94722.88,1,0.0,1.0,61450.96,France
539,34.0,4,91622.42,1,1.0,1.0,136603.42,Germany
711,29.0,9,0.0,2,0.0,1.0,3234.8,France
659,78.0,2,151675.65,1,0.0,1.0,49978.67,Spain
676,23.0,1,107787.47,1,0.0,1.0,116378.82,France
821,40.0,1,0.0,2,1.0,0.0,194273.12,France
776,35.0,8,106365.29,1,1.0,1.0,148527.56,Spain
678,36.0,3,145747.67,2,0.0,1.0,89566.74,Germany
597,35.0,0,127510.99,1,1.0,1.0,155356.34,Spain
717,59.0,4,0.0,2,1.0,1.0,170528.63,France
638,50.0,1,102645.48,1,1.0,0.0,168359.98,Germany
711,52.0,8,145262.54,1,0.0,1.0,131473.31,Germany
560,49.0,4,0.0,1,1.0,1.0,100075.1,France
596,30.0,1,0.0,2,1.0,0.0,8125.39,Spain
587,35.0,5,121863.61,1,1.0,1.0,23481.69,Germany
678,43.0,7,178074.33,1,0.0,0.0,110405.9,France
727,28.0,1,0.0,1,1.0,0.0,40357.39,Spain
683,56.0,7,50911.21,3,0.0,0.0,97629.31,Spain
718,49.0,10,0.0,1,1.0,0.0,184474.72,France
554,39.0,2,129709.62,1,1.0,0.0,173197.12,France
773,63.0,9,111179.83,1,1.0,1.0,93091.02,Spain
537,33.0,7,136082.0,1,1.0,0.0,62746.54,Spain
757,44.0,4,123322.15,1,1.0,0.0,137136.29,France
625,34.0,6,0.0,2,0.0,0.0,197283.2,France
841,33.0,7,154969.79,2,1.0,1.0,99505.75,Germany
557,40.0,4,0.0,2,0.0,1.0,105433.53,Spain
520,33.0,4,156297.58,2,1.0,1.0,166102.61,France
542,42.0,1,0.0,1,1.0,1.0,178256.58,France
833,29.0,1,96462.25,2,0.0,1.0,48986.18,Germany
730,38.0,0,38848.19,2,0.0,0.0,94003.11,Germany
629,37.0,10,99546.25,3,0.0,1.0,25136.95,France
669,41.0,0,150219.41,2,0.0,0.0,107839.03,France
683,40.0,1,0.0,2,0.0,0.0,75762.0,France
681,37.0,8,73179.34,2,1.0,1.0,25292.53,Germany
670,38.0,7,0.0,2,1.0,1.0,77864.41,France
705,35.0,3,0.0,2,0.0,1.0,66331.01,France
756,34.0,2,148200.72,1,0.0,0.0,194584.48,Germany
550,22.0,6,154377.3,1,1.0,1.0,51721.52,France
566,40.0,2,97001.36,2,1.0,0.0,154486.01,Germany
630,51.0,0,108449.23,3,0.0,0.0,88372.69,Germany
680,49.0,10,0.0,2,1.0,0.0,187008.45,France
652,40.0,7,100471.34,1,1.0,1.0,124550.88,Spain
636,24.0,9,0.0,2,0.0,1.0,38830.72,France
850,35.0,2,128548.49,4,1.0,0.0,75478.95,France
838,67.0,4,103267.8,1,1.0,1.0,78310.04,Spain
709,45.0,2,0.0,2,0.0,1.0,162922.65,Spain
823,38.0,1,0.0,2,1.0,0.0,156603.7,France
749,42.0,9,222267.63,1,0.0,0.0,101108.85,Spain
610,31.0,6,107784.65,1,1.0,1.0,141137.53,France
717,28.0,9,82498.14,2,0.0,0.0,40437.67,Germany
605,39.0,6,111169.91,1,0.0,0.0,9641.4,France
652,51.0,3,0.0,1,1.0,0.0,173989.47,France
679,36.0,6,147733.64,1,0.0,1.0,172501.38,France
582,26.0,6,114450.32,1,1.0,1.0,14081.64,Germany
619,46.0,8,62400.48,1,1.0,1.0,132498.39,Spain
811,45.0,5,0.0,2,1.0,1.0,146123.19,France
737,22.0,10,111543.26,2,0.0,0.0,106327.85,Germany
502,40.0,7,117304.29,1,0.0,0.0,196278.32,Germany
739,27.0,8,98926.4,1,1.0,1.0,106969.98,Spain
664,54.0,8,0.0,1,1.0,1.0,162719.69,France
659,50.0,3,0.0,1,1.0,0.0,183399.12,France
687,35.0,3,0.0,2,1.0,1.0,176450.19,Spain
634,45.0,9,0.0,2,0.0,0.0,17622.82,France
486,63.0,9,97009.15,1,1.0,1.0,85101.0,France
667,34.0,5,0.0,2,1.0,0.0,163830.64,Spain
510,63.0,8,0.0,2,1.0,1.0,115291.86,France
809,24.0,4,0.0,2,1.0,0.0,193518.76,France
596,33.0,2,139451.67,1,0.0,0.0,63142.12,France
742,39.0,8,140004.96,1,1.0,1.0,92985.78,France
732,35.0,3,0.0,2,1.0,0.0,90876.95,France
543,37.0,3,0.0,2,1.0,1.0,78915.68,Spain
761,36.0,8,108239.11,2,0.0,0.0,99444.02,Germany
545,23.0,2,0.0,2,1.0,0.0,189613.12,France
731,37.0,3,116880.53,1,0.0,0.0,172718.35,Germany
699,29.0,3,125689.29,1,1.0,1.0,151623.71,France
513,88.0,10,0.0,2,1.0,1.0,52952.24,Spain
664,31.0,7,104158.84,1,1.0,0.0,134169.85,France
499,55.0,4,126817.65,2,1.0,0.0,123269.71,Germany
810,33.0,6,0.0,2,1.0,1.0,77965.67,France
651,34.0,9,0.0,2,1.0,0.0,138113.71,France
598,23.0,6,0.0,2,1.0,0.0,153229.19,Spain
743,39.0,8,0.0,1,1.0,0.0,94263.44,France
722,32.0,5,106807.64,1,1.0,1.0,76998.69,Germany
559,43.0,1,0.0,1,0.0,1.0,86634.3,France
712,33.0,3,153819.58,1,1.0,0.0,79176.09,France
704,32.0,7,127785.17,4,0.0,0.0,184464.7,France
675,54.0,6,0.0,1,1.0,0.0,110273.84,France
667,27.0,7,156811.74,1,1.0,1.0,149402.59,France
691,40.0,0,115465.98,1,1.0,1.0,60622.61,France
802,51.0,7,0.0,1,0.0,1.0,40855.79,Spain
668,31.0,9,0.0,2,0.0,0.0,41291.73,France
715,28.0,7,160376.61,1,0.0,0.0,196853.11,France
635,35.0,7,0.0,2,1.0,1.0,65951.65,Spain
601,50.0,2,115625.07,1,1.0,0.0,185855.21,France
594,18.0,1,132694.73,1,1.0,0.0,167689.56,Germany
816,34.0,2,108410.87,2,1.0,0.0,102908.91,Germany
833,30.0,1,0.0,2,1.0,0.0,141860.62,France
517,39.0,3,0.0,2,0.0,1.0,12465.51,Spain
796,24.0,8,0.0,2,1.0,0.0,61349.37,France
553,31.0,4,0.0,2,1.0,1.0,89087.4,France
512,31.0,6,0.0,2,1.0,0.0,168462.26,Spain
620,29.0,3,0.0,2,0.0,1.0,153392.28,France
584,30.0,8,112013.81,1,1.0,0.0,177772.03,Germany
527,41.0,10,136733.24,1,1.0,1.0,57589.29,Germany
573,50.0,0,159304.07,1,0.0,1.0,155915.24,Spain
757,34.0,1,129398.01,2,0.0,0.0,44965.44,Germany
686,39.0,10,136258.06,1,0.0,0.0,89199.51,Spain
682,44.0,3,115282.3,1,0.0,0.0,23766.4,France
675,28.0,9,0.0,1,1.0,0.0,134110.93,France
682,26.0,0,110654.02,1,0.0,1.0,111879.21,France
850,38.0,5,0.0,2,1.0,0.0,16491.64,France
603,51.0,8,186825.57,1,1.0,0.0,93739.71,France
596,42.0,7,0.0,2,1.0,1.0,121568.37,France
784,42.0,2,109052.04,2,1.0,0.0,6409.55,Spain
595,25.0,7,106570.34,2,0.0,1.0,177025.79,Germany
850,31.0,3,121237.65,1,1.0,1.0,31022.56,Spain
723,47.0,10,90450.0,2,0.0,0.0,103379.31,Germany
698,36.0,6,0.0,2,0.0,1.0,19231.98,France
651,34.0,10,148962.46,1,1.0,0.0,66389.43,Germany
794,30.0,1,154970.54,1,0.0,1.0,156768.45,Spain
555,32.0,4,0.0,2,1.0,1.0,54405.79,Spain
654,38.0,8,0.0,2,1.0,0.0,88659.44,France
648,37.0,6,131753.41,1,1.0,0.0,86894.67,Germany
792,19.0,7,143390.51,1,1.0,0.0,33282.84,France
659,30.0,8,154159.51,1,1.0,0.0,40441.1,Germany
460,35.0,8,102742.91,2,1.0,1.0,189339.6,Germany
557,39.0,8,146200.01,1,1.0,0.0,177944.64,France
716,41.0,9,0.0,1,1.0,1.0,113267.48,France
489,38.0,2,126444.08,2,1.0,1.0,82662.73,Germany
625,52.0,8,121161.57,1,1.0,0.0,48988.28,Spain
586,29.0,3,0.0,2,1.0,1.0,142238.54,France
628,33.0,6,0.0,2,0.0,0.0,184230.23,France
691,33.0,6,0.0,2,1.0,1.0,100408.31,France
615,58.0,3,72309.3,1,1.0,1.0,85687.09,Germany
727,34.0,2,146407.11,1,1.0,1.0,72073.72,Germany
700,32.0,8,110923.15,2,1.0,1.0,161845.81,France
591,31.0,8,0.0,1,1.0,1.0,141677.33,Spain
640,32.0,6,118879.35,2,1.0,1.0,19131.71,Spain
681,29.0,8,0.0,1,1.0,0.0,66367.33,France
558,31.0,7,0.0,2,1.0,0.0,166720.28,Spain
707,42.0,2,16893.59,1,1.0,1.0,77502.56,France
738,43.0,9,121152.05,2,1.0,0.0,64166.7,Germany
799,30.0,9,0.0,2,1.0,0.0,136827.96,France
737,31.0,5,121192.22,2,1.0,1.0,74890.58,Germany
607,32.0,9,144272.07,2,1.0,0.0,176580.63,Germany
685,34.0,6,83264.28,1,0.0,0.0,9663.28,Spain
642,35.0,2,133161.95,1,0.0,1.0,122254.86,France
571,35.0,1,104783.81,2,0.0,1.0,178512.52,France
623,44.0,6,0.0,2,0.0,0.0,167162.43,France
602,33.0,5,164704.38,1,0.0,1.0,180716.1,France
573,72.0,8,98765.84,1,1.0,1.0,96015.53,Spain
712,33.0,6,0.0,2,1.0,1.0,190686.16,France
664,55.0,8,0.0,2,1.0,1.0,139161.64,France
812,38.0,3,127117.8,2,1.0,1.0,174822.74,Spain
632,30.0,2,72549.0,2,0.0,1.0,182728.8,Germany
697,47.0,6,128252.66,1,1.0,1.0,168053.4,France
618,40.0,8,0.0,2,1.0,0.0,80204.38,Spain
687,61.0,7,80538.56,1,1.0,0.0,131305.37,France
748,45.0,2,119852.01,1,0.0,0.0,73853.94,Germany
718,39.0,3,0.0,2,1.0,1.0,145355.11,France
549,38.0,8,107283.4,1,0.0,0.0,157442.75,France
682,42.0,0,0.0,1,0.0,1.0,91981.85,France
486,37.0,9,115217.99,2,1.0,0.0,144995.33,Germany
480,35.0,2,165692.91,1,1.0,1.0,197984.58,France
630,34.0,9,106937.05,2,1.0,0.0,138275.01,Germany
698,52.0,10,107304.39,3,1.0,0.0,28806.32,Germany
766,44.0,3,116822.7,1,0.0,0.0,197643.24,Germany
726,26.0,1,80780.16,1,1.0,1.0,19225.85,Spain
604,25.0,7,165413.43,1,1.0,1.0,35279.74,Germany
457,40.0,10,134320.23,2,1.0,0.0,150757.35,France
783,41.0,5,106640.5,1,1.0,0.0,176945.96,Germany
736,36.0,8,103914.17,1,1.0,1.0,110035.88,Germany
744,39.0,6,0.0,1,0.0,0.0,10662.58,France
682,46.0,2,0.0,1,1.0,1.0,114442.66,France
699,39.0,1,0.0,2,0.0,0.0,93826.63,France
498,41.0,4,87541.06,2,1.0,1.0,12577.21,Germany
741,42.0,9,121056.63,2,1.0,0.0,39122.58,Spain
567,49.0,5,134956.02,1,1.0,0.0,93953.84,Germany
619,49.0,9,145359.99,1,1.0,0.0,38186.85,France
589,20.0,2,121093.29,2,1.0,0.0,3529.72,Germany
477,48.0,2,129120.64,1,0.0,1.0,26475.79,Spain
703,42.0,9,63227.0,1,0.0,1.0,137316.32,Germany
691,27.0,3,160358.68,2,1.0,0.0,142367.72,Germany
695,46.0,3,122549.64,1,1.0,1.0,56297.85,Spain
625,55.0,8,118772.71,4,0.0,0.0,135853.62,Germany
618,40.0,0,140306.38,1,1.0,0.0,160618.61,Germany
779,49.0,9,106160.37,1,0.0,0.0,116893.87,France
350,54.0,1,152677.48,1,1.0,1.0,191973.49,Spain
537,39.0,2,0.0,2,1.0,1.0,137651.6,France
579,29.0,10,73194.52,2,1.0,1.0,129209.09,France
558,35.0,1,0.0,2,0.0,0.0,111687.57,France
493,36.0,9,0.0,2,1.0,1.0,65816.53,France
619,38.0,6,0.0,2,1.0,1.0,117616.29,Spain
669,50.0,9,201009.64,1,1.0,0.0,158032.5,France
458,35.0,9,146780.52,2,1.0,1.0,3476.38,Germany
651,45.0,4,0.0,2,0.0,0.0,193009.21,Spain
684,38.0,4,0.0,3,1.0,0.0,75609.84,France
420,34.0,1,135549.9,1,0.0,0.0,149471.13,Germany
494,38.0,7,174937.64,1,1.0,0.0,40084.32,Germany
531,64.0,2,175754.87,2,1.0,1.0,60721.4,Germany
663,58.0,5,216109.88,1,0.0,1.0,74176.71,Spain
589,50.0,5,144895.05,2,1.0,1.0,34941.23,Germany
713,40.0,3,114446.84,2,1.0,1.0,87308.18,Germany
573,23.0,2,0.0,1,1.0,0.0,122964.18,France
802,41.0,6,0.0,2,1.0,0.0,47322.05,Spain
746,58.0,3,0.0,3,1.0,1.0,80344.96,France
610,37.0,10,140363.95,2,1.0,1.0,129563.86,Spain
833,32.0,6,0.0,1,1.0,1.0,44323.22,Spain
761,37.0,7,132730.17,1,1.0,0.0,199293.01,Spain
462,27.0,4,176913.52,1,1.0,0.0,80587.27,France
493,38.0,3,134006.77,1,1.0,0.0,89578.32,France
808,37.0,2,100431.84,1,1.0,0.0,35140.49,Germany
782,33.0,7,191523.09,1,1.0,1.0,167058.75,France
781,35.0,1,0.0,2,0.0,0.0,42117.9,Spain
678,55.0,4,129646.91,1,1.0,1.0,184125.1,Germany
729,32.0,6,93694.42,1,1.0,1.0,79919.13,France
604,71.0,2,0.0,2,1.0,1.0,49506.82,France
469,31.0,6,0.0,1,1.0,0.0,146213.75,Spain
693,39.0,4,0.0,2,0.0,1.0,142331.39,France
547,50.0,3,81290.02,3,0.0,1.0,177747.03,Germany
850,39.0,6,0.0,2,1.0,0.0,103921.43,Spain
656,50.0,7,0.0,2,0.0,1.0,72143.44,France
691,37.0,7,123067.63,1,1.0,1.0,98162.44,Germany
787,85.0,10,0.0,2,1.0,1.0,116537.96,France
667,31.0,3,99513.91,1,1.0,1.0,189657.26,France
771,32.0,5,62321.62,1,1.0,1.0,40920.59,France
678,60.0,8,185648.56,1,0.0,0.0,192156.54,France
796,40.0,1,99745.95,1,1.0,0.0,177524.19,Germany
782,36.0,1,148795.17,2,1.0,1.0,195681.43,France
605,57.0,2,0.0,3,1.0,0.0,66652.75,Spain
713,38.0,7,144606.22,1,1.0,1.0,56594.36,Germany
578,38.0,7,82259.29,1,1.0,0.0,8996.97,France
453,40.0,1,111524.49,1,1.0,1.0,120373.84,Germany
647,28.0,6,149594.02,2,1.0,0.0,102325.19,Spain
477,34.0,8,139959.55,2,1.0,1.0,189875.83,Germany
513,49.0,5,171601.27,1,1.0,0.0,126223.84,Germany
741,52.0,1,171236.3,2,0.0,0.0,21834.4,France
551,45.0,6,0.0,2,1.0,1.0,51143.43,France
850,31.0,4,146587.3,1,1.0,1.0,89874.82,Germany
437,28.0,2,109161.25,1,1.0,0.0,152987.42,Spain
850,43.0,7,0.0,2,1.0,1.0,173851.11,France
645,55.0,1,133676.65,1,0.0,1.0,17095.49,Spain
683,35.0,5,95698.79,1,0.0,1.0,182566.76,Germany
691,50.0,6,136953.47,1,1.0,1.0,2704.98,France
455,40.0,1,0.0,3,0.0,1.0,129975.34,France
649,50.0,5,155393.32,1,1.0,1.0,87351.42,Germany
675,35.0,8,0.0,2,1.0,0.0,29062.25,Spain
710,31.0,3,0.0,2,1.0,1.0,112289.06,France
679,40.0,1,0.0,1,1.0,1.0,16897.19,France
645,68.0,9,0.0,4,1.0,1.0,176353.87,France
781,29.0,9,0.0,2,0.0,0.0,172097.4,France
850,42.0,3,0.0,2,1.0,1.0,176883.42,France
752,53.0,8,114233.18,1,1.0,1.0,51587.04,France
773,37.0,2,103195.2,2,1.0,0.0,178268.36,Spain
683,30.0,4,114779.35,1,0.0,0.0,183171.47,France
787,40.0,6,0.0,2,1.0,1.0,84151.98,France
746,37.0,4,0.0,2,0.0,1.0,171039.56,France
684,56.0,3,127585.98,3,1.0,1.0,80593.49,Germany
710,45.0,9,108231.37,1,1.0,1.0,188574.08,Germany
544,44.0,2,108895.93,1,0.0,0.0,69228.2,Germany
601,37.0,5,0.0,1,0.0,0.0,20708.6,France
836,57.0,4,101247.06,1,1.0,0.0,37141.62,Spain
691,31.0,5,40915.55,1,1.0,0.0,126213.84,France
598,48.0,6,120682.53,1,1.0,0.0,30635.52,France
790,25.0,5,152885.77,1,1.0,0.0,58214.79,Germany
781,27.0,5,0.0,2,0.0,0.0,72969.9,France
808,41.0,0,0.0,1,1.0,1.0,79888.78,France
660,43.0,1,0.0,1,0.0,1.0,112026.1,France
550,25.0,0,0.0,2,1.0,1.0,184221.11,France
593,32.0,6,99162.29,1,1.0,0.0,128384.11,France
724,30.0,10,0.0,2,1.0,1.0,54265.55,France
544,47.0,5,105245.21,1,0.0,0.0,99922.08,Germany
584,35.0,2,114321.28,2,0.0,0.0,15959.01,France
689,63.0,1,0.0,2,1.0,1.0,186526.12,Spain
779,71.0,3,0.0,2,1.0,1.0,146895.36,France
749,26.0,6,0.0,2,0.0,1.0,34948.77,France
584,33.0,3,88311.48,2,1.0,1.0,177651.38,Germany
734,39.0,6,0.0,1,1.0,1.0,95135.27,Spain
669,38.0,8,0.0,2,1.0,0.0,84049.16,France
590,34.0,0,65812.35,2,0.0,1.0,160346.3,Spain
607,33.0,8,91301.72,1,0.0,1.0,130824.57,France
634,45.0,2,0.0,4,1.0,0.0,101039.53,France
850,20.0,7,0.0,2,1.0,0.0,31288.77,France
642,30.0,5,129753.69,1,1.0,0.0,582.53,Germany
600,46.0,10,95502.21,1,0.0,0.0,19842.18,France
713,37.0,8,0.0,1,1.0,1.0,16403.41,France
756,27.0,8,0.0,2,1.0,1.0,157932.75,France
564,40.0,7,108407.34,1,1.0,1.0,83681.2,Germany
701,33.0,9,147510.34,1,1.0,0.0,190611.92,France
800,40.0,3,75893.11,2,1.0,0.0,132562.23,France
619,42.0,2,0.0,1,1.0,1.0,101348.88,France
607,45.0,7,123859.6,1,0.0,1.0,113051.57,France
721,51.0,0,169312.13,1,1.0,0.0,109078.35,Spain
582,39.0,5,0.0,2,1.0,1.0,129892.93,France
747,36.0,8,102603.3,2,1.0,1.0,180693.61,Germany
554,33.0,3,117413.95,1,1.0,1.0,12766.74,France
756,24.0,1,0.0,2,1.0,0.0,184182.25,France
697,37.0,7,168066.87,1,1.0,0.0,35450.53,Spain
711,38.0,3,0.0,2,1.0,0.0,68487.51,France
618,39.0,2,91068.56,1,1.0,0.0,26578.69,France
850,44.0,3,140393.65,2,0.0,1.0,186285.52,Germany
721,32.0,10,0.0,1,1.0,0.0,136119.96,Spain
603,40.0,8,148897.02,1,0.0,0.0,105052.9,Germany
689,40.0,4,78119.59,4,1.0,0.0,119259.34,Germany
717,35.0,5,103214.71,1,1.0,0.0,172172.7,Germany
795,33.0,9,130862.43,1,1.0,1.0,114935.21,Germany
604,34.0,7,0.0,2,1.0,0.0,193021.49,France
489,38.0,8,0.0,2,0.0,1.0,196990.79,France
612,41.0,5,0.0,3,0.0,0.0,151256.22,France
503,32.0,9,100262.88,2,1.0,1.0,157921.25,Spain
474,54.0,3,0.0,1,1.0,0.0,108409.17,France
609,33.0,6,94126.67,1,0.0,0.0,93718.16,Germany
503,30.0,10,136622.55,2,0.0,0.0,47310.24,Germany
667,33.0,4,0.0,2,1.0,1.0,131834.75,France
498,25.0,8,121702.73,1,1.0,1.0,132210.49,Germany
733,24.0,3,161884.99,1,1.0,1.0,9617.24,France
637,32.0,5,0.0,1,0.0,0.0,148769.08,France
666,34.0,9,115897.12,1,1.0,1.0,25095.03,France
678,37.0,2,113383.07,1,1.0,1.0,135123.96,Germany
642,30.0,8,80964.57,2,1.0,0.0,174738.2,France
784,48.0,7,0.0,2,1.0,1.0,182609.97,Spain
653,46.0,5,0.0,2,1.0,0.0,49707.85,France
581,31.0,3,0.0,2,0.0,0.0,89040.61,France
652,40.0,1,0.0,2,1.0,0.0,126554.96,France
633,33.0,4,137847.41,2,1.0,0.0,98349.13,Spain
563,57.0,6,0.0,2,1.0,1.0,39297.48,Spain
678,28.0,4,0.0,2,1.0,1.0,144423.17,France
638,43.0,3,145860.98,1,1.0,1.0,142763.51,France
473,32.0,5,146602.25,2,1.0,1.0,72946.95,Germany
580,38.0,1,128218.47,1,1.0,0.0,125953.83,Germany
644,40.0,8,93183.19,1,1.0,0.0,73882.49,France
793,32.0,2,0.0,2,1.0,0.0,193817.63,France
735,49.0,5,121973.28,1,1.0,0.0,148804.36,France
531,36.0,9,99240.51,1,1.0,0.0,123137.01,Spain
784,38.0,1,138515.02,1,1.0,1.0,171768.76,Germany
620,42.0,1,0.0,2,0.0,1.0,65565.92,France
761,26.0,1,0.0,2,1.0,1.0,199409.19,France
693,35.0,5,124151.09,1,1.0,0.0,88705.14,France
623,28.0,7,0.0,1,0.0,0.0,129526.57,France
663,33.0,8,96769.04,1,1.0,1.0,36864.05,Spain
707,58.0,3,102346.86,1,1.0,1.0,114672.64,France
714,25.0,2,0.0,1,1.0,1.0,132979.43,Spain
571,22.0,3,108117.1,1,0.0,1.0,53328.7,Spain
559,49.0,2,147069.78,1,1.0,0.0,120540.83,France
512,41.0,6,0.0,1,1.0,1.0,100507.81,France
799,52.0,4,161209.66,1,1.0,1.0,89081.41,France
850,39.0,6,96863.13,1,1.0,1.0,121681.19,France
521,39.0,7,0.0,2,0.0,1.0,653.58,France
669,42.0,1,103873.39,1,1.0,0.0,148611.52,Germany
677,41.0,8,146720.98,2,1.0,1.0,4195.84,Germany
667,31.0,5,0.0,2,1.0,1.0,20346.69,Spain
758,43.0,10,0.0,2,1.0,1.0,55313.44,Spain
695,52.0,8,103023.26,1,1.0,1.0,22485.64,Germany
528,36.0,7,0.0,2,1.0,0.0,60536.56,Spain
463,20.0,8,204223.03,1,1.0,0.0,128268.39,Spain
521,40.0,9,134504.78,1,1.0,0.0,18082.06,Germany
748,44.0,2,92911.52,1,0.0,1.0,85495.24,France
746,25.0,9,0.0,2,0.0,1.0,88728.47,France
655,38.0,4,0.0,2,0.0,0.0,110527.71,France
797,37.0,4,75263.7,1,1.0,0.0,85801.77,France
676,40.0,8,114005.78,1,1.0,1.0,67998.45,France
498,31.0,10,0.0,2,1.0,0.0,13892.57,France
535,37.0,3,175534.78,2,1.0,1.0,9241.52,Spain
582,41.0,1,40488.76,1,1.0,0.0,128528.83,France
649,24.0,7,101195.23,1,0.0,0.0,133091.32,Germany
532,24.0,8,142755.25,1,0.0,0.0,34231.48,Germany
482,45.0,7,156353.46,1,1.0,0.0,72643.95,Germany
807,37.0,10,130110.45,2,0.0,1.0,172097.95,Germany
787,43.0,0,132217.45,1,1.0,0.0,20955.03,Germany
602,23.0,7,113758.48,2,0.0,0.0,84077.6,France
590,54.0,4,0.0,2,1.0,1.0,93820.49,France
537,84.0,8,92242.34,1,1.0,1.0,186235.98,Germany
770,70.0,9,110738.89,1,1.0,0.0,22666.77,France
711,52.0,5,0.0,1,1.0,1.0,159808.95,France
501,44.0,4,142051.07,2,0.0,,74940.5,France
491,72.0,6,91285.22,1,1.0,1.0,7032.95,France
608,42.0,10,163548.07,1,1.0,0.0,38866.85,France
652,38.0,1,103895.31,1,0.0,1.0,159649.44,Spain
727,41.0,10,0.0,2,0.0,1.0,47468.56,Spain
710,36.0,4,116085.06,1,1.0,0.0,58601.61,France
687,63.0,1,137715.66,1,1.0,1.0,37938.74,Spain
715,38.0,0,0.0,2,1.0,1.0,332.81,France
577,26.0,1,180530.51,1,0.0,0.0,123454.62,France
574,30.0,5,120355.0,1,1.0,0.0,137793.35,Spain
673,59.0,0,178058.06,2,0.0,1.0,21063.71,France
670,42.0,1,115961.58,2,0.0,1.0,29483.87,France
850,40.0,8,102800.65,1,1.0,0.0,60811.56,France
578,36.0,1,157267.95,2,1.0,0.0,141533.19,Spain
668,59.0,5,120170.07,1,0.0,1.0,50454.8,Germany
584,41.0,3,88594.93,1,1.0,0.0,178997.89,Germany
623,24.0,5,0.0,2,1.0,0.0,116160.04,France
772,43.0,6,0.0,2,1.0,1.0,57675.88,France
729,34.0,3,152303.8,1,1.0,0.0,12128.69,France
648,33.0,7,135310.41,2,0.0,1.0,171668.2,Germany
645,28.0,7,117466.03,2,1.0,1.0,34490.06,Germany
694,58.0,1,143212.22,1,0.0,0.0,102628.56,Germany
814,29.0,1,131968.57,2,1.0,1.0,147693.92,Germany
586,32.0,1,149814.54,1,1.0,0.0,31830.06,Germany
595,20.0,4,95830.43,1,1.0,0.0,177738.98,France
619,41.0,3,147974.16,2,1.0,0.0,170518.83,Germany
628,50.0,8,0.0,1,0.0,0.0,144366.83,Spain
797,29.0,1,0.0,2,1.0,1.0,132975.39,France
516,45.0,4,0.0,1,1.0,0.0,95273.73,France
603,57.0,6,105000.85,2,1.0,1.0,87412.24,Spain
850,31.0,1,108822.4,1,1.0,1.0,132173.31,Germany
790,37.0,8,0.0,2,1.0,1.0,149418.41,Spain
490,31.0,3,145260.23,1,0.0,1.0,114066.77,Spain
586,58.0,7,151933.63,1,1.0,0.0,162960.05,France
660,39.0,9,134599.33,2,1.0,0.0,183095.87,Germany
672,68.0,0,126061.51,2,1.0,1.0,184936.77,Germany
558,45.0,1,153697.53,2,0.0,0.0,89891.4,France
660,40.0,5,131754.11,2,1.0,1.0,38761.61,France
632,71.0,3,83116.68,1,1.0,1.0,27597.76,France
655,34.0,7,118028.35,1,1.0,0.0,51226.32,Germany
642,40.0,7,0.0,2,1.0,0.0,10712.82,France
692,27.0,1,125547.53,1,0.0,0.0,7900.46,France
755,30.0,4,123217.66,2,0.0,1.0,144183.1,France
838,31.0,2,0.0,2,1.0,0.0,8222.96,France
662,33.0,3,0.0,2,0.0,1.0,68064.83,Spain
732,26.0,7,0.0,2,1.0,0.0,154364.66,France
627,44.0,6,153548.12,1,0.0,0.0,35300.08,France
795,56.0,5,0.0,1,1.0,0.0,35418.69,Spain
765,34.0,5,86055.17,2,1.0,1.0,104220.5,Germany
488,36.0,0,0.0,2,1.0,0.0,136675.22,France
448,36.0,6,83947.12,2,1.0,0.0,81999.53,France
663,32.0,8,130627.66,1,1.0,0.0,47161.25,Germany
717,28.0,4,128206.79,1,1.0,1.0,54272.12,France
771,38.0,5,137657.71,2,1.0,0.0,72985.61,Germany
556,26.0,4,0.0,1,1.0,0.0,195167.38,France
640,46.0,8,0.0,2,1.0,0.0,89043.19,Spain
714,28.0,7,77776.39,1,1.0,0.0,177737.07,Germany
706,18.0,2,176139.5,2,1.0,0.0,129654.22,France
697,35.0,5,133087.76,1,1.0,0.0,64771.61,France
604,32.0,7,127849.38,1,1.0,0.0,15798.7,France
682,48.0,1,138778.15,1,0.0,1.0,168840.23,France
637,39.0,9,137843.8,1,1.0,1.0,117622.8,Germany
594,28.0,0,142574.71,2,1.0,0.0,129084.82,Germany
612,33.0,9,0.0,1,0.0,0.0,142797.5,France
705,56.0,2,143249.67,1,1.0,0.0,88428.41,Germany
703,32.0,1,125685.79,1,1.0,1.0,56246.72,France
671,27.0,5,0.0,2,0.0,0.0,120893.07,France
577,29.0,7,0.0,2,1.0,1.0,55473.15,France
806,67.0,1,0.0,2,0.0,1.0,103945.58,France
798,39.0,6,119787.76,1,1.0,1.0,164248.33,Germany
647,22.0,3,97975.82,2,0.0,1.0,62083.0,Germany
625,45.0,3,0.0,1,1.0,1.0,184474.15,France
810,69.0,3,27288.43,1,1.0,1.0,110509.9,Germany
850,43.0,0,108508.82,3,1.0,0.0,184044.8,Germany
766,45.0,6,97652.96,1,1.0,0.0,127332.33,Germany
677,25.0,8,130866.19,1,1.0,0.0,42410.21,Spain
468,26.0,1,131643.25,1,1.0,0.0,64436.16,Spain
719,39.0,5,0.0,2,1.0,0.0,145759.7,Spain
619,58.0,5,152199.33,1,1.0,1.0,86022.09,France
652,37.0,7,0.0,2,1.0,0.0,68789.93,Spain
591,56.0,9,128882.49,1,1.0,1.0,196241.94,France
581,71.0,4,0.0,2,1.0,1.0,197562.08,France
575,46.0,1,0.0,2,1.0,1.0,65998.26,France
663,42.0,5,124626.07,1,1.0,1.0,78004.5,France
751,37.0,9,183613.66,2,0.0,0.0,49734.94,France
635,29.0,7,105405.97,1,1.0,1.0,149853.89,France
552,42.0,4,0.0,2,0.0,0.0,195692.3,Spain
608,63.0,3,139529.93,2,1.0,1.0,175696.16,Spain
803,32.0,9,192122.84,1,1.0,1.0,54277.45,France
501,42.0,9,114631.23,1,0.0,1.0,91429.74,France
756,23.0,1,112568.31,1,1.0,1.0,113408.11,France
768,40.0,8,0.0,2,0.0,1.0,69080.46,France
505,29.0,3,145541.56,2,1.0,1.0,58019.95,Germany
659,39.0,8,52106.33,2,1.0,1.0,107964.36,Germany
526,52.0,8,93590.47,1,0.0,1.0,21228.71,France
546,58.0,3,106458.31,4,1.0,0.0,128881.87,Germany
603,35.0,6,128993.76,2,1.0,0.0,130483.56,France
462,24.0,9,69881.09,2,0.0,1.0,64421.02,Germany
713,46.0,5,0.0,1,1.0,1.0,55701.62,France
803,45.0,7,0.0,2,1.0,1.0,128378.04,Spain
649,41.0,3,130931.83,1,1.0,1.0,144808.37,France
646,57.0,6,90212.0,1,1.0,0.0,13911.27,Germany
582,52.0,2,151457.88,1,0.0,1.0,40893.61,France
604,34.0,7,0.0,2,1.0,1.0,188078.55,France
635,41.0,1,0.0,2,1.0,0.0,175611.5,Spain
811,42.0,10,0.0,2,1.0,1.0,3797.79,France
527,39.0,9,96748.89,2,1.0,0.0,94711.43,Germany
646,37.0,7,96558.66,1,0.0,0.0,163427.18,France
637,27.0,9,128940.24,1,1.0,0.0,46786.92,France
766,32.0,6,185714.28,1,1.0,1.0,102502.5,France
756,26.0,5,155143.52,1,0.0,1.0,135034.57,Germany
660,34.0,1,0.0,2,1.0,0.0,9692.58,France
649,51.0,4,0.0,1,1.0,1.0,150390.57,Spain
621,53.0,9,170491.84,1,1.0,0.0,35588.07,Spain
661,41.0,5,28082.95,1,1.0,0.0,69586.27,Spain
614,38.0,4,72594.0,1,1.0,1.0,76042.48,France
748,39.0,9,132865.56,1,1.0,1.0,59636.43,France
646,46.0,1,170826.55,2,1.0,0.0,45041.32,Germany
485,29.0,7,182123.79,1,1.0,0.0,116828.51,France
585,36.0,7,0.0,2,1.0,0.0,94283.09,France
499,46.0,6,0.0,2,1.0,0.0,73457.55,France
630,37.0,6,0.0,2,1.0,1.0,82647.65,France
545,36.0,8,73211.12,2,1.0,0.0,89587.34,Spain
570,29.0,0,0.0,1,1.0,0.0,37092.43,France
647,51.0,4,131156.76,1,1.0,0.0,29883.63,Germany
711,28.0,8,0.0,2,1.0,1.0,64286.39,France
738,33.0,4,92676.3,1,1.0,0.0,105817.63,France
607,62.0,8,108004.64,1,1.0,1.0,23386.77,Spain
669,46.0,3,0.0,2,0.0,1.0,8487.75,France
672,53.0,7,0.0,1,1.0,1.0,136910.18,France
613,24.0,7,140453.91,1,1.0,0.0,129001.3,France
781,32.0,6,147107.91,1,1.0,1.0,40066.95,France
556,30.0,7,0.0,2,1.0,1.0,186648.19,France
640,55.0,10,132436.34,1,1.0,0.0,978.66,France
690,36.0,7,101583.11,2,1.0,0.0,123775.15,France
802,41.0,4,90757.64,2,0.0,1.0,169183.66,Germany
583,26.0,10,72835.56,2,1.0,0.0,96792.15,Germany
651,47.0,2,0.0,2,1.0,1.0,119808.64,Spain
697,27.0,8,141223.68,2,1.0,0.0,90591.15,France
704,48.0,8,167997.6,1,1.0,1.0,173498.45,Spain
585,44.0,4,0.0,2,0.0,1.0,101728.46,Spain
529,67.0,8,103101.56,2,1.0,1.0,154002.02,France
640,40.0,8,110340.68,1,1.0,1.0,157886.6,France
508,25.0,2,111395.53,1,0.0,1.0,48197.06,France
613,51.0,7,147262.11,1,1.0,1.0,53630.9,Germany
629,29.0,6,0.0,2,1.0,1.0,88842.8,Spain
693,31.0,2,0.0,2,1.0,1.0,107759.31,France
618,44.0,5,157955.83,2,0.0,0.0,139297.71,Germany
771,39.0,5,0.0,2,1.0,0.0,96270.64,France
601,40.0,10,127847.86,1,0.0,0.0,173245.68,France
652,36.0,1,0.0,2,1.0,1.0,151314.98,France
608,40.0,7,96202.32,1,0.0,0.0,161154.85,Germany
472,32.0,1,159397.75,1,0.0,1.0,57323.18,Spain
814,36.0,6,0.0,2,1.0,1.0,98657.01,France
577,60.0,10,125389.7,2,1.0,1.0,178616.73,France
817,37.0,6,81070.34,2,1.0,0.0,80985.88,France
681,44.0,3,105206.7,2,1.0,1.0,163558.36,Germany
550,40.0,8,150490.32,1,0.0,0.0,166468.21,France
598,40.0,9,0.0,1,1.0,0.0,68462.59,France
797,32.0,1,151922.94,1,1.0,0.0,8877.06,Germany
616,31.0,8,0.0,1,0.0,1.0,76456.17,France
542,29.0,7,0.0,2,0.0,1.0,196651.72,France
621,34.0,6,0.0,2,1.0,1.0,99128.13,France
599,38.0,9,89111.63,1,0.0,0.0,157239.6,Germany
602,37.0,3,107592.89,2,0.0,1.0,153122.73,Spain
669,37.0,4,0.0,1,1.0,0.0,132540.33,France
479,35.0,4,125920.98,1,1.0,1.0,20393.44,Spain
673,32.0,8,121240.76,1,1.0,0.0,116969.73,France
797,45.0,8,0.0,1,0.0,0.0,125110.02,France
622,31.0,1,89688.94,1,1.0,1.0,152305.47,France
697,42.0,1,0.0,1,1.0,0.0,1262.83,France
576,55.0,9,0.0,2,1.0,1.0,94450.97,France
493,31.0,3,0.0,1,1.0,1.0,176570.28,France
694,35.0,7,0.0,1,1.0,0.0,133570.43,Spain
517,41.0,2,0.0,2,0.0,1.0,75937.47,France
708,42.0,8,192390.52,2,1.0,0.0,823.36,Germany
599,49.0,2,0.0,2,1.0,0.0,111190.53,Spain
754,38.0,2,0.0,2,1.0,0.0,180698.32,France
666,47.0,5,0.0,1,0.0,0.0,166650.9,Spain
618,21.0,2,125682.79,1,0.0,0.0,57762.0,France
615,49.0,3,0.0,2,1.0,1.0,49872.33,France
437,35.0,6,126803.34,2,1.0,1.0,161133.4,Germany
765,40.0,6,138033.55,1,1.0,1.0,67972.45,France
751,33.0,4,79281.61,1,1.0,0.0,117547.76,Spain
523,28.0,2,121164.11,1,1.0,1.0,59938.81,France
745,35.0,4,98270.34,1,1.0,0.0,133617.43,Germany
686,22.0,5,0.0,2,1.0,0.0,158974.45,Spain
520,31.0,3,108914.17,1,1.0,1.0,183572.39,Germany
629,44.0,6,125512.98,2,0.0,0.0,79082.76,Spain
589,48.0,5,126111.61,1,0.0,1.0,133961.19,Germany
602,29.0,5,103907.28,1,1.0,0.0,161229.84,Spain
574,39.0,2,122524.61,2,1.0,0.0,88463.63,France
756,34.0,1,103133.26,1,1.0,1.0,90059.04,France
755,43.0,6,165048.5,3,1.0,0.0,16929.41,Germany
694,32.0,0,91956.49,1,1.0,1.0,59961.81,France
733,33.0,7,187257.94,1,0.0,1.0,190430.81,Germany
583,36.0,8,0.0,2,0.0,1.0,5571.59,France
592,66.0,5,149950.19,1,1.0,1.0,76267.59,France
584,37.0,1,0.0,2,1.0,1.0,180363.56,France
642,33.0,4,84607.34,2,0.0,1.0,60059.47,France
679,48.0,8,0.0,2,1.0,0.0,23344.94,France
509,46.0,1,0.0,1,1.0,0.0,71244.59,France
747,41.0,5,94521.17,2,1.0,0.0,194926.86,Spain
646,18.0,10,0.0,2,0.0,1.0,52795.15,France
598,28.0,8,129991.76,2,0.0,1.0,46041.08,France
738,39.0,1,94435.45,2,0.0,1.0,189430.86,France
682,24.0,9,57929.81,2,0.0,0.0,53134.3,Germany
651,36.0,7,0.0,2,1.0,0.0,13898.31,France
516,50.0,7,139675.07,2,1.0,0.0,45591.23,Germany
696,43.0,4,114091.38,1,0.0,1.0,159888.1,Germany
660,24.0,5,85089.3,1,1.0,1.0,71638.0,Germany
706,53.0,7,0.0,2,0.0,1.0,117939.17,Spain
474,37.0,3,0.0,2,0.0,0.0,57175.32,Spain
844,41.0,10,76319.64,1,1.0,1.0,141175.18,France
684,25.0,1,0.0,2,0.0,1.0,144978.47,France
565,32.0,4,90322.99,2,0.0,1.0,118740.37,Germany
635,40.0,10,123497.58,1,1.0,0.0,131953.23,France
681,79.0,0,0.0,2,0.0,1.0,170968.99,France
833,59.0,1,130854.59,1,1.0,1.0,30722.52,Germany
512,39.0,3,0.0,1,1.0,0.0,134878.19,Spain
634,44.0,9,149961.11,1,1.0,0.0,57121.51,France
698,44.0,10,116363.37,2,1.0,0.0,198059.16,Germany
696,38.0,6,142316.14,1,1.0,1.0,8018.49,Germany
603,30.0,6,129548.5,2,1.0,1.0,19282.85,Spain
698,39.0,9,133191.19,2,0.0,1.0,53289.49,Germany
642,19.0,3,113905.48,1,1.0,1.0,176137.2,Germany
646,69.0,10,115462.44,1,1.0,0.0,40421.87,Spain
722,35.0,2,163943.89,2,1.0,1.0,15068.18,France
628,46.0,1,46870.43,4,1.0,0.0,31272.14,France
679,58.0,9,109327.65,1,1.0,1.0,3829.13,Spain
544,22.0,3,66483.32,1,0.0,1.0,110317.39,Spain
516,42.0,8,56228.25,1,1.0,0.0,46857.52,France
769,31.0,6,117852.26,2,1.0,0.0,147668.64,France
601,43.0,2,0.0,1,1.0,0.0,49713.87,France
588,42.0,2,164307.77,1,1.0,0.0,48498.19,Germany
634,24.0,8,103097.85,1,1.0,1.0,157577.29,Germany
720,44.0,3,86102.27,1,1.0,0.0,180134.88,France
682,46.0,7,128029.72,1,1.0,1.0,62615.35,Spain
805,50.0,9,130023.38,1,1.0,0.0,62989.82,Germany
722,48.0,10,138311.76,1,1.0,1.0,3472.63,Germany
651,42.0,1,116646.76,1,1.0,0.0,44731.8,Germany
776,38.0,5,112281.7,1,0.0,1.0,89893.6,Germany
605,62.0,4,111065.93,2,0.0,1.0,125660.99,France
457,33.0,7,127837.54,1,0.0,1.0,60013.17,France
660,20.0,6,167685.56,1,1.0,0.0,57929.9,France
593,46.0,7,98752.51,1,1.0,0.0,145560.38,France
621,27.0,1,74298.43,1,1.0,1.0,52581.96,Germany
786,32.0,2,120452.4,2,0.0,0.0,79602.86,France
739,40.0,5,149131.03,3,1.0,1.0,60036.99,Germany
589,36.0,8,114435.47,1,1.0,0.0,26955.72,France
710,29.0,3,119670.18,1,1.0,0.0,188022.44,Spain
712,27.0,10,0.0,1,1.0,0.0,94544.88,Spain
501,40.0,4,125832.2,1,1.0,1.0,100433.83,France
668,43.0,10,113034.31,1,1.0,1.0,100423.88,Spain
754,40.0,2,160625.17,1,0.0,1.0,3554.63,Spain
521,22.0,5,0.0,2,1.0,1.0,99828.45,France
760,28.0,1,141038.57,2,0.0,0.0,16287.38,Spain
435,37.0,8,114346.3,1,0.0,1.0,980.93,Germany
588,35.0,0,0.0,2,1.0,1.0,155485.24,France
512,31.0,7,0.0,2,0.0,0.0,49326.07,France
669,47.0,9,61196.54,1,1.0,0.0,58170.24,France
516,45.0,8,109044.3,1,0.0,1.0,115818.16,Spain
749,40.0,8,141782.57,2,0.0,0.0,86333.63,Germany
673,69.0,3,78833.15,2,1.0,1.0,37196.15,Germany
679,52.0,9,135870.01,2,0.0,0.0,54038.62,Germany
539,39.0,3,0.0,2,1.0,0.0,36692.17,France
809,39.0,5,0.0,1,1.0,0.0,77705.75,France
507,31.0,0,106942.08,1,0.0,1.0,44001.11,France
698,45.0,5,164450.94,1,1.0,0.0,141970.02,Spain
615,41.0,1,126773.43,1,1.0,1.0,55551.26,Spain
628,22.0,3,0.0,1,1.0,0.0,85426.28,Spain
546,28.0,8,0.0,1,1.0,0.0,159254.29,France
705,46.0,5,89364.91,1,0.0,1.0,139162.15,Spain
831,32.0,2,146033.62,1,1.0,0.0,191260.74,France
565,46.0,7,135369.71,1,0.0,1.0,140130.22,France
661,31.0,7,144162.3,2,1.0,1.0,14490.79,France
683,33.0,9,0.0,2,1.0,1.0,38784.42,France
745,45.0,10,117231.63,3,1.0,1.0,122381.02,Germany
709,23.0,10,0.0,2,0.0,0.0,129590.18,Spain
655,37.0,7,111852.84,2,1.0,0.0,10511.13,France
686,39.0,3,111695.62,1,0.0,0.0,136643.84,France
589,38.0,2,0.0,1,1.0,0.0,79915.28,France
733,28.0,5,0.0,2,0.0,0.0,12761.16,France
671,31.0,6,0.0,2,1.0,1.0,15846.42,France
745,32.0,2,0.0,4,0.0,1.0,179705.13,France
670,54.0,2,95507.12,1,1.0,1.0,63213.31,France
700,44.0,9,0.0,2,1.0,0.0,142287.65,Spain
584,41.0,3,0.0,2,1.0,1.0,160095.48,France
850,43.0,5,129305.09,2,0.0,1.0,19244.58,Germany
591,35.0,2,90194.34,2,1.0,0.0,57064.57,Germany
740,33.0,2,126524.11,1,1.0,0.0,136869.31,Germany
513,37.0,6,0.0,2,1.0,0.0,110142.34,France
669,43.0,1,163159.85,1,0.0,1.0,15602.8,France
678,27.0,5,87099.85,2,1.0,0.0,149550.95,Spain
712,28.0,4,145605.44,1,0.0,1.0,93883.53,Germany
351,57.0,4,163146.46,1,1.0,0.0,169621.69,Germany
624,36.0,6,0.0,2,0.0,0.0,84749.96,France
487,44.0,6,61691.45,1,1.0,1.0,53087.98,Spain
646,42.0,3,99836.47,1,0.0,1.0,22909.56,Spain
681,58.0,8,93173.88,1,1.0,1.0,139761.25,France
712,27.0,8,113174.21,2,1.0,0.0,147261.58,Germany
739,41.0,8,0.0,1,1.0,0.0,191694.77,Spain
729,38.0,7,0.0,2,0.0,0.0,45779.9,France
790,50.0,8,121438.58,1,1.0,1.0,176471.78,Germany
732,33.0,8,111379.55,1,1.0,1.0,45098.62,Spain
617,34.0,9,0.0,2,1.0,0.0,118749.58,Spain
632,41.0,3,126550.7,1,0.0,0.0,177644.52,Germany
769,29.0,4,145471.37,1,1.0,0.0,188382.77,France
772,42.0,0,101979.16,1,1.0,0.0,90928.48,Germany
597,53.0,4,88381.21,1,1.0,0.0,69384.71,France
623,48.0,5,118469.38,1,1.0,1.0,158590.25,France
677,34.0,3,126729.41,1,1.0,1.0,26106.39,Germany
571,23.0,10,151097.28,1,0.0,1.0,17163.75,France
763,32.0,9,160680.41,1,1.0,0.0,30886.35,Germany
567,59.0,3,0.0,2,1.0,0.0,25843.7,France
621,50.0,3,163085.79,1,0.0,1.0,131048.36,Spain
690,26.0,3,118097.87,1,1.0,0.0,61257.83,France
452,44.0,3,88915.85,1,1.0,0.0,69697.74,Spain
698,38.0,2,130015.24,1,1.0,1.0,41595.3,France
667,71.0,4,137260.78,1,0.0,1.0,94433.08,Spain
710,37.0,5,0.0,2,1.0,0.0,115403.31,France
569,38.0,8,0.0,2,0.0,0.0,79618.79,Spain
710,54.0,6,171137.62,1,1.0,1.0,167023.95,France
673,43.0,8,127132.96,1,0.0,1.0,6009.27,Spain
610,69.0,5,86038.21,3,0.0,0.0,192743.06,Germany
706,36.0,9,58571.18,2,1.0,0.0,40774.01,Germany
516,33.0,10,138847.9,1,1.0,1.0,127256.7,Germany
590,29.0,2,166930.76,2,1.0,0.0,122487.73,Spain
762,28.0,2,0.0,2,1.0,0.0,167909.52,France
734,34.0,6,133598.4,1,1.0,1.0,13107.24,France
581,46.0,1,0.0,2,1.0,0.0,104272.04,Spain
759,39.0,6,0.0,2,1.0,1.0,140497.67,France
645,41.0,7,0.0,1,0.0,1.0,28667.56,France
686,26.0,1,57422.62,1,1.0,1.0,79189.4,Germany
803,34.0,4,142929.16,2,1.0,1.0,114869.56,Germany
609,61.0,1,0.0,1,1.0,0.0,22447.85,Spain
670,31.0,1,142631.54,2,1.0,1.0,175894.24,Germany
717,33.0,1,99106.73,1,0.0,0.0,194467.23,Spain
702,39.0,8,0.0,2,1.0,0.0,99654.13,Spain
562,51.0,1,124662.54,1,1.0,1.0,65390.46,France
725,26.0,6,98684.15,1,0.0,0.0,133720.57,France
594,41.0,2,122545.65,2,1.0,1.0,42050.24,Germany
571,33.0,1,0.0,2,1.0,0.0,102750.7,France
628,28.0,4,0.0,2,1.0,1.0,176750.81,Spain
684,32.0,9,100249.41,2,0.0,1.0,67599.69,France
641,48.0,3,147341.43,1,1.0,1.0,157458.61,France
601,43.0,3,141859.12,2,1.0,1.0,111249.62,Germany
774,41.0,5,126670.37,1,1.0,0.0,102426.06,France
799,70.0,8,70416.75,1,1.0,1.0,36483.52,France
658,44.0,2,168396.34,1,1.0,1.0,14178.73,France
718,45.0,3,105266.32,2,1.0,1.0,193724.51,Spain
805,45.0,9,116585.97,1,1.0,0.0,189428.75,Germany
648,42.0,4,0.0,2,1.0,0.0,19283.14,France
606,45.0,5,63832.43,1,1.0,1.0,93707.8,Germany
535,38.0,8,85982.07,1,1.0,0.0,9238.35,France
604,33.0,3,0.0,1,1.0,0.0,42171.13,France
661,47.0,5,0.0,1,0.0,1.0,107243.31,France
583,40.0,4,107041.3,1,1.0,1.0,5635.63,Germany
691,30.0,7,101231.77,2,0.0,0.0,156529.44,Germany
652,50.0,8,125437.64,1,1.0,1.0,17160.94,Germany
630,41.0,7,107511.52,1,0.0,1.0,46156.87,Spain
665,43.0,2,116322.27,4,1.0,0.0,35640.12,Germany
637,33.0,7,103377.81,1,1.0,0.0,84419.78,France
796,67.0,5,0.0,2,0.0,1.0,54871.02,Spain
790,32.0,3,0.0,1,1.0,0.0,91044.47,Spain
585,40.0,3,162261.01,2,1.0,0.0,137028.51,Germany
716,30.0,2,205770.78,2,0.0,0.0,65464.66,Germany
629,36.0,1,161757.87,2,1.0,1.0,146371.72,Spain
831,32.0,9,80262.66,1,1.0,0.0,194867.78,Germany
684,24.0,9,79263.9,1,0.0,1.0,196574.48,Spain
740,57.0,3,113386.36,2,1.0,1.0,65121.63,Germany
625,58.0,10,53772.73,1,1.0,1.0,192072.1,France
747,25.0,4,0.0,2,0.0,1.0,42039.67,France
625,49.0,6,173434.9,1,1.0,0.0,165580.93,France
750,40.0,5,168286.81,3,1.0,0.0,20451.99,Germany
579,42.0,3,137560.38,2,1.0,1.0,85424.34,Germany
592,62.0,5,0.0,1,1.0,1.0,100941.57,France
558,47.0,9,0.0,2,1.0,0.0,103787.28,France
707,46.0,7,127476.73,2,1.0,1.0,146011.55,France
685,31.0,10,135213.71,1,1.0,1.0,125777.28,Spain
744,50.0,1,121498.11,2,0.0,1.0,106061.47,Germany
587,33.0,6,132603.36,1,1.0,0.0,55775.72,Germany
737,28.0,8,0.0,2,1.0,0.0,106390.01,France
779,26.0,4,174318.13,2,0.0,1.0,38296.21,Spain
782,53.0,1,81571.05,1,1.0,0.0,182960.46,Germany
626,35.0,3,0.0,1,0.0,0.0,80190.36,France
838,41.0,5,0.0,2,1.0,0.0,81313.51,Spain
583,40.0,4,0.0,2,1.0,0.0,114093.73,Spain
497,37.0,8,128650.11,2,1.0,1.0,163641.53,Spain
528,31.0,6,102016.72,2,0.0,0.0,80181.12,France
750,33.0,2,152302.72,1,1.0,0.0,71333.44,France
688,32.0,6,124179.3,1,1.0,1.0,138759.15,Spain
565,34.0,7,0.0,1,0.0,0.0,74593.84,France
595,46.0,5,142360.62,2,1.0,0.0,48421.4,Germany
769,29.0,8,0.0,2,1.0,1.0,172290.61,France
509,35.0,8,0.0,2,0.0,1.0,67431.28,France
554,43.0,5,99906.89,1,0.0,0.0,24983.39,Germany
588,40.0,5,0.0,2,0.0,0.0,100727.68,France
763,40.0,3,0.0,2,1.0,0.0,134281.11,France
802,41.0,5,0.0,2,1.0,1.0,134626.3,Spain
754,37.0,6,0.0,1,1.0,1.0,116141.72,France
583,27.0,7,0.0,2,1.0,0.0,51285.49,France
600,57.0,9,138456.03,2,1.0,1.0,103548.25,Germany
640,43.0,9,94752.49,1,1.0,0.0,184006.36,Germany
547,30.0,6,0.0,2,1.0,1.0,18471.86,France
449,37.0,6,0.0,2,1.0,0.0,82176.48,France
771,56.0,2,0.0,1,1.0,1.0,25222.6,Spain
549,41.0,9,95020.8,3,1.0,1.0,131710.59,Germany
766,43.0,6,112088.04,2,1.0,1.0,36706.56,Germany
713,25.0,4,121172.97,1,1.0,1.0,56268.98,France
770,55.0,9,63127.41,2,1.0,0.0,185211.28,Spain
476,69.0,1,105303.73,1,0.0,1.0,134260.34,Spain
607,29.0,7,102609.0,1,1.0,0.0,163257.44,Germany
846,37.0,6,127103.97,1,1.0,1.0,41516.44,France
679,60.0,6,0.0,2,1.0,1.0,77331.77,France
731,33.0,5,137388.01,2,1.0,0.0,165000.68,Spain
770,37.0,9,0.0,2,0.0,0.0,22710.72,France
617,36.0,7,115617.24,1,1.0,1.0,71519.4,Spain
774,43.0,1,116360.07,1,1.0,0.0,17004.14,Spain
633,59.0,2,103996.74,1,1.0,1.0,103159.11,France
677,42.0,5,99580.13,1,1.0,0.0,21007.96,France
728,69.0,1,0.0,2,1.0,1.0,131804.86,France
748,38.0,4,115221.36,1,0.0,1.0,70956.75,France
617,38.0,7,0.0,1,1.0,1.0,27239.28,Spain
592,36.0,2,104702.65,2,1.0,0.0,107948.72,Germany
850,34.0,3,129668.43,2,1.0,1.0,88743.99,Germany
660,42.0,5,0.0,2,1.0,0.0,115509.59,Spain
581,44.0,7,189318.16,2,1.0,0.0,45026.23,Spain
586,37.0,8,167735.69,2,0.0,1.0,104665.79,Germany
718,37.0,7,0.0,2,1.0,1.0,55100.09,France
477,24.0,2,95675.62,2,0.0,0.0,162699.7,Germany
509,32.0,9,170661.47,1,1.0,1.0,21646.2,Germany
729,34.0,9,53299.96,2,1.0,1.0,42855.97,Spain
743,42.0,7,77002.2,2,1.0,1.0,80428.42,France
548,28.0,8,116755.5,2,1.0,1.0,158585.17,France
555,32.0,10,0.0,2,0.0,1.0,168605.96,Spain
850,42.0,8,0.0,1,1.0,0.0,19632.64,France
747,29.0,7,0.0,2,1.0,1.0,141706.43,France
649,41.0,2,125785.23,1,1.0,1.0,70523.92,France
660,37.0,2,133200.09,1,0.0,0.0,71433.88,Germany
720,21.0,2,123200.78,1,1.0,1.0,180712.28,Spain
526,33.0,8,114634.63,2,1.0,0.0,110114.38,Spain
835,20.0,4,124365.42,1,0.0,0.0,180197.74,Germany
582,38.0,9,135979.01,4,1.0,1.0,76582.95,France
681,47.0,9,97023.21,1,1.0,1.0,2168.13,France
550,49.0,0,108806.96,3,1.0,0.0,61446.92,Germany
750,32.0,5,0.0,2,1.0,0.0,95611.47,France
541,32.0,4,0.0,1,1.0,1.0,114951.42,France
752,31.0,4,144637.86,2,1.0,0.0,40496.72,Spain
564,40.0,4,0.0,1,1.0,0.0,85455.62,France
532,40.0,5,0.0,2,0.0,1.0,177099.71,France
671,47.0,7,114603.76,2,1.0,0.0,153194.32,Germany
591,38.0,2,142289.28,1,0.0,1.0,119638.85,France
482,35.0,2,133111.73,1,0.0,1.0,79957.95,France
535,29.0,2,112367.34,1,1.0,0.0,185630.76,France
452,33.0,7,153663.27,1,1.0,0.0,111868.23,Germany
711,37.0,8,113899.92,1,0.0,0.0,80215.2,France
634,25.0,9,0.0,2,1.0,1.0,8227.91,Spain
685,43.0,4,97392.18,2,1.0,0.0,43956.83,Spain
777,46.0,0,107362.8,1,1.0,0.0,487.3,Germany
672,40.0,3,0.0,1,1.0,0.0,113171.61,France
750,39.0,6,0.0,2,0.0,0.0,19264.33,Spain
568,27.0,1,116320.68,1,0.0,1.0,45563.94,Spain
602,63.0,7,0.0,2,1.0,1.0,56323.21,France
735,41.0,7,179904.0,1,1.0,1.0,137180.95,France
598,43.0,5,0.0,3,1.0,1.0,100722.72,France
783,38.0,9,114135.17,1,1.0,0.0,153269.98,France
657,29.0,7,83889.03,1,1.0,0.0,153059.62,Spain
850,29.0,1,154640.41,1,1.0,1.0,164039.51,Germany
673,37.0,0,0.0,2,0.0,0.0,82351.06,Spain
700,30.0,4,116377.48,1,1.0,1.0,134417.31,Germany
566,30.0,5,0.0,1,1.0,0.0,54926.51,France
544,39.0,4,142406.43,2,1.0,0.0,146637.45,Germany
662,54.0,1,187997.15,1,0.0,0.0,111442.71,Spain
556,38.0,8,0.0,2,0.0,0.0,417.41,Spain
508,26.0,7,205962.0,1,1.0,0.0,156424.4,France
557,27.0,2,0.0,2,0.0,1.0,4497.55,France
668,46.0,0,0.0,2,0.0,0.0,29388.02,France
733,35.0,8,102918.38,1,1.0,1.0,45959.86,Spain
515,35.0,10,176273.95,1,0.0,1.0,121277.78,Spain
695,40.0,7,139022.24,1,0.0,1.0,193383.13,Germany
650,32.0,4,79450.09,1,1.0,1.0,118324.75,Spain
721,37.0,4,98459.6,1,0.0,0.0,90821.66,Germany
596,30.0,6,121345.88,4,1.0,0.0,41921.75,Spain
666,27.0,4,0.0,2,0.0,0.0,88751.45,France
637,38.0,3,104339.56,1,0.0,0.0,119882.86,France
677,38.0,4,0.0,2,1.0,0.0,187800.63,France
727,62.0,5,0.0,2,0.0,1.0,38652.96,France
549,50.0,9,94748.76,2,0.0,1.0,13608.18,France
834,57.0,8,112281.6,3,1.0,0.0,140225.14,Germany
611,30.0,9,88594.14,1,1.0,0.0,196332.45,France
478,50.0,2,0.0,1,0.0,1.0,93332.64,France
748,58.0,9,122330.7,2,0.0,1.0,124429.19,Spain
698,37.0,5,98400.61,2,0.0,0.0,25017.28,France
807,47.0,1,95120.59,1,0.0,0.0,127875.1,France
628,31.0,0,88421.81,1,0.0,0.0,72350.47,France
742,33.0,1,137937.95,1,1.0,1.0,51387.1,Germany
825,29.0,3,148874.01,2,0.0,1.0,71192.82,France
560,31.0,5,125341.69,1,1.0,0.0,79547.39,Spain
678,41.0,9,0.0,1,0.0,0.0,13160.03,France
763,32.0,10,95153.77,1,0.0,1.0,81310.1,Spain
684,26.0,2,114035.39,1,0.0,0.0,96885.19,Germany
583,40.0,3,54428.37,1,1.0,0.0,109638.78,Spain
586,28.0,5,0.0,3,1.0,0.0,170487.4,France
621,26.0,2,75237.54,1,0.0,1.0,44220.4,France
726,24.0,6,0.0,2,1.0,1.0,54724.03,France
401,48.0,8,128140.17,1,1.0,0.0,175753.55,Germany
731,30.0,5,0.0,2,1.0,0.0,189528.72,France
611,40.0,2,125879.29,1,1.0,0.0,93203.43,France
850,27.0,7,43658.33,2,1.0,1.0,3025.49,France
530,44.0,6,0.0,2,0.0,0.0,55893.37,Spain
605,51.0,9,104760.82,1,1.0,1.0,165574.54,France
657,37.0,6,95845.6,1,1.0,0.0,122218.23,France
584,38.0,3,0.0,2,1.0,1.0,4525.4,Spain
726,27.0,7,123826.07,1,0.0,1.0,78970.58,Spain
717,36.0,2,148061.89,1,1.0,0.0,179128.69,France
568,31.0,1,61592.14,2,1.0,1.0,61796.64,Germany
593,50.0,6,171740.69,1,0.0,0.0,20893.61,France
724,33.0,9,119278.44,1,1.0,1.0,197148.24,Germany
702,32.0,8,71667.74,1,1.0,1.0,126082.18,Spain
793,41.0,9,0.0,2,1.0,0.0,152153.74,Spain
586,34.0,9,74309.81,1,1.0,0.0,15034.93,Germany
778,34.0,5,139064.06,2,0.0,0.0,67949.32,France
477,22.0,5,82559.42,2,0.0,0.0,163112.9,France
767,33.0,1,144753.21,1,1.0,1.0,132480.75,Germany
751,36.0,5,73194.99,1,1.0,1.0,89222.66,Germany
683,40.0,8,0.0,1,1.0,0.0,75848.22,Spain
648,39.0,3,126935.98,2,0.0,1.0,57995.74,Germany
748,27.0,2,90971.85,1,1.0,1.0,131662.47,Germany
774,43.0,1,110646.54,1,0.0,0.0,108804.28,Spain
688,38.0,7,148045.68,1,1.0,0.0,175479.92,France
584,36.0,4,109646.83,1,1.0,1.0,70240.79,Germany
593,35.0,9,114193.24,1,1.0,0.0,71154.1,France
649,31.0,2,0.0,2,1.0,0.0,15200.61,France
762,29.0,6,141389.06,1,1.0,0.0,54122.89,France
648,43.0,7,81153.82,1,1.0,1.0,144532.85,Spain
412,29.0,5,0.0,2,0.0,0.0,12510.53,France
807,42.0,1,0.0,1,1.0,0.0,16500.66,Spain
793,54.0,2,128966.13,1,0.0,0.0,18633.4,Germany
850,47.0,9,137301.87,1,1.0,0.0,44351.77,France
655,61.0,2,183997.7,2,1.0,1.0,161217.18,Germany
611,49.0,2,88915.37,3,0.0,0.0,161435.02,France
567,42.0,2,0.0,2,1.0,1.0,167984.61,France
643,34.0,8,117451.47,1,1.0,0.0,65374.86,Spain
850,35.0,7,110349.82,1,0.0,0.0,126355.8,Spain
591,51.0,8,132508.3,1,1.0,1.0,161304.68,Germany
629,44.0,5,0.0,4,0.0,0.0,117572.59,France
501,37.0,4,0.0,2,0.0,0.0,12470.3,France
660,35.0,9,113948.58,1,1.0,0.0,188891.96,Germany
814,48.0,9,136596.85,1,1.0,1.0,185791.9,France
828,42.0,10,0.0,1,1.0,1.0,186071.14,Spain
708,19.0,7,112615.86,1,1.0,1.0,4491.77,Spain
611,26.0,2,107508.93,2,1.0,1.0,120801.65,France
624,55.0,7,118793.6,1,1.0,1.0,95022.02,France
670,25.0,6,0.0,2,1.0,1.0,78358.94,Spain
739,37.0,8,0.0,2,1.0,0.0,191557.1,France
731,39.0,2,126816.18,1,1.0,1.0,74850.93,Spain
739,40.0,4,0.0,2,0.0,0.0,173321.65,France
649,32.0,7,0.0,1,1.0,0.0,28797.32,Spain
703,28.0,2,81173.83,2,0.0,1.0,162812.16,France
567,29.0,5,129750.68,1,1.0,0.0,109257.59,Germany
695,42.0,0,0.0,2,0.0,1.0,140724.64,France
636,29.0,6,157576.47,2,1.0,1.0,101102.39,Spain
663,37.0,8,155303.71,1,1.0,0.0,118716.63,Germany
655,26.0,7,106198.5,1,0.0,1.0,32020.42,France
748,31.0,1,99557.94,1,1.0,0.0,199255.32,Germany
678,36.0,1,117864.85,2,1.0,0.0,27619.06,Germany
653,27.0,6,107751.68,2,1.0,1.0,33389.42,Spain
595,32.0,8,131081.66,2,1.0,1.0,69428.79,Germany
850,45.0,5,103909.86,1,1.0,0.0,60083.11,Germany
480,25.0,3,174330.35,2,0.0,0.0,181647.13,Germany
705,46.0,4,115518.07,1,0.0,0.0,76544.9,Germany
689,45.0,0,130170.82,2,1.0,0.0,150856.38,Germany
753,46.0,9,113909.69,3,1.0,0.0,92320.37,Germany
512,32.0,2,123403.85,2,1.0,0.0,80120.19,Germany
586,42.0,2,0.0,1,1.0,0.0,102889.34,Spain
777,35.0,7,122917.69,1,1.0,1.0,76169.68,Germany
772,42.0,3,75075.31,2,1.0,0.0,92888.52,Germany
656,26.0,4,139584.57,1,1.0,0.0,36308.93,Spain
538,31.0,1,0.0,2,1.0,0.0,1375.46,France
617,28.0,0,0.0,2,1.0,1.0,7597.83,France
794,55.0,6,115796.7,1,1.0,0.0,160526.36,Germany
700,43.0,0,0.0,2,1.0,0.0,59475.35,Spain
601,34.0,5,0.0,2,1.0,0.0,27022.57,France
559,27.0,1,0.0,1,0.0,1.0,1050.33,Spain
573,44.0,4,0.0,1,1.0,1.0,94862.93,Spain
705,36.0,1,111629.29,1,1.0,1.0,21807.16,Spain
616,46.0,2,0.0,2,1.0,0.0,137136.46,France
613,34.0,5,144094.2,1,1.0,0.0,44510.26,France
672,50.0,1,0.0,1,1.0,0.0,12106.82,France
730,33.0,9,0.0,2,0.0,0.0,176576.62,Spain
528,36.0,1,156948.41,1,1.0,1.0,149912.28,France
670,36.0,3,0.0,1,1.0,0.0,140754.19,France
612,52.0,5,144772.69,1,0.0,0.0,98302.57,Spain
663,46.0,3,0.0,2,0.0,1.0,176276.1,France
749,35.0,3,0.0,3,1.0,1.0,132649.85,France
540,28.0,6,84121.04,1,0.0,1.0,80698.54,Spain
724,48.0,6,110463.25,2,1.0,1.0,80552.11,Germany
703,56.0,9,0.0,1,0.0,0.0,85547.33,France
574,26.0,8,97460.1,1,1.0,1.0,43093.67,France
685,33.0,6,174912.72,1,1.0,1.0,43932.54,France
690,35.0,9,107944.33,2,0.0,0.0,48478.47,France
764,30.0,5,0.0,2,0.0,1.0,105155.66,France
742,31.0,4,105239.1,1,1.0,1.0,19700.24,France
676,32.0,5,0.0,2,1.0,1.0,75465.41,France
769,31.0,7,148913.72,2,1.0,0.0,53817.23,Germany
639,77.0,6,80926.02,2,1.0,1.0,55829.25,France
732,33.0,8,0.0,1,1.0,0.0,119882.7,Spain
656,41.0,2,0.0,2,1.0,0.0,158973.77,France
607,47.0,4,148826.32,1,1.0,1.0,79450.61,Germany
562,38.0,5,0.0,1,1.0,0.0,115700.2,France
649,36.0,2,0.0,2,0.0,1.0,75035.48,France
757,29.0,8,130306.49,1,1.0,0.0,77469.38,France
511,41.0,8,153895.65,1,1.0,1.0,39087.42,Germany
483,44.0,5,136836.49,1,1.0,0.0,192359.9,France
655,24.0,9,107065.31,1,1.0,1.0,51959.82,France
574,36.0,4,77967.5,1,1.0,0.0,167066.95,Spain
540,40.0,3,165298.12,1,0.0,1.0,199862.75,France
666,59.0,8,152614.51,2,1.0,1.0,188782.3,Germany
520,29.0,8,95947.76,1,1.0,0.0,4696.44,France
568,44.0,7,0.0,2,0.0,0.0,62370.67,France
585,32.0,8,144705.87,2,0.0,0.0,171482.56,France
554,48.0,7,0.0,2,1.0,1.0,63708.07,France
800,38.0,9,0.0,1,1.0,0.0,78744.39,Spain
450,46.0,5,177619.71,1,1.0,0.0,54227.06,Spain
770,36.0,2,89800.14,1,1.0,1.0,105922.69,France
643,59.0,3,170331.37,1,1.0,1.0,32171.79,Germany
474,34.0,9,176311.36,1,1.0,0.0,160213.27,Germany
708,37.0,8,153366.13,1,1.0,1.0,26912.34,Germany
787,33.0,1,126588.81,2,0.0,1.0,62163.53,France
738,35.0,8,127290.61,1,1.0,0.0,16081.62,Spain
522,30.0,3,0.0,2,1.0,0.0,145490.85,Spain
758,61.0,8,125397.21,1,1.0,0.0,182184.09,Germany
627,44.0,6,0.0,1,1.0,1.0,114469.55,Spain
691,34.0,7,0.0,2,0.0,1.0,161559.12,France
589,37.0,7,85146.48,2,1.0,0.0,86490.09,France
774,42.0,3,137781.65,1,0.0,0.0,199316.19,France
632,49.0,5,167962.7,1,0.0,0.0,140201.21,France
750,37.0,3,0.0,2,1.0,0.0,16870.2,France
551,37.0,3,0.0,2,1.0,1.0,50578.4,France
709,42.0,9,118546.71,1,0.0,1.0,77142.85,France
742,21.0,1,114292.48,1,1.0,0.0,31520.4,Germany
850,32.0,4,156001.68,2,1.0,1.0,151677.31,France
594,49.0,4,0.0,2,1.0,1.0,23631.55,France
536,46.0,1,65733.41,1,1.0,0.0,61094.53,France
708,33.0,3,0.0,2,1.0,0.0,138613.21,Spain
715,37.0,9,105489.31,1,0.0,0.0,143096.49,Germany
613,40.0,9,95624.36,2,1.0,1.0,60706.33,France
670,43.0,9,111677.88,1,1.0,0.0,178827.3,Germany
553,27.0,3,0.0,2,0.0,0.0,159800.16,France
431,44.0,2,138843.7,1,1.0,0.0,37688.31,Germany
688,41.0,2,112871.19,2,0.0,1.0,65520.74,Germany
580,35.0,8,0.0,2,0.0,1.0,10357.03,France
599,37.0,2,0.0,2,1.0,1.0,143739.29,Spain
538,33.0,5,0.0,2,1.0,0.0,126962.41,France
601,28.0,6,0.0,2,1.0,0.0,14665.28,Spain
724,33.0,4,88046.88,1,0.0,1.0,186942.49,Germany
775,74.0,0,161371.5,1,1.0,1.0,134869.93,Germany
628,31.0,5,0.0,1,0.0,0.0,147963.07,France
850,46.0,3,0.0,2,1.0,1.0,187980.21,France
683,34.0,9,114609.55,2,0.0,1.0,25339.29,Spain
735,43.0,9,127806.91,1,1.0,1.0,73069.59,France
415,46.0,9,134950.19,3,0.0,0.0,178587.36,France
843,38.0,8,134887.53,1,1.0,1.0,10804.04,France
850,58.0,8,156652.13,1,0.0,0.0,25899.21,France
840,36.0,6,0.0,2,1.0,0.0,141364.27,Spain
634,35.0,6,116269.01,1,1.0,0.0,129964.94,Germany
641,37.0,6,0.0,2,1.0,0.0,45309.24,France
775,27.0,4,152309.37,1,1.0,0.0,104112.0,France
477,39.0,4,182491.57,1,1.0,0.0,185830.72,Germany
564,31.0,0,110527.17,1,1.0,1.0,87060.77,France
632,38.0,1,120599.21,1,1.0,0.0,92816.86,Spain
541,36.0,5,0.0,2,1.0,0.0,124795.84,France
626,44.0,10,81553.93,1,1.0,0.0,20063.63,France
553,32.0,7,64082.09,1,0.0,1.0,109159.58,France
716,44.0,1,0.0,1,1.0,1.0,152108.47,France
687,40.0,1,0.0,2,1.0,0.0,8207.36,Spain
786,34.0,9,0.0,2,1.0,0.0,144517.19,France
600,43.0,8,133379.41,1,1.0,0.0,177378.66,Germany
479,24.0,6,107637.97,2,0.0,1.0,169505.83,Germany
584,32.0,8,40172.91,1,1.0,1.0,137439.34,Germany
850,39.0,8,0.0,2,1.0,1.0,37090.44,Spain
633,38.0,2,91902.56,2,1.0,1.0,107673.35,France
850,31.0,8,0.0,2,1.0,0.0,178667.7,France
620,41.0,9,0.0,2,0.0,0.0,88852.47,France
544,38.0,8,0.0,1,1.0,1.0,98208.62,France
724,36.0,6,94615.11,2,1.0,1.0,10627.21,Germany
724,40.0,10,0.0,1,1.0,0.0,127847.25,France
763,31.0,4,0.0,2,0.0,0.0,50404.72,France
723,40.0,7,142856.95,2,0.0,0.0,38019.74,France
680,27.0,3,0.0,1,1.0,0.0,32454.26,France
665,32.0,1,132178.67,1,0.0,0.0,11865.76,Germany
626,37.0,6,108269.37,1,1.0,0.0,5597.94,Spain
844,29.0,8,0.0,2,0.0,0.0,147342.03,France
673,34.0,1,127122.79,3,0.0,1.0,76703.1,Germany
465,33.0,5,0.0,2,0.0,1.0,78698.09,France
680,31.0,10,113292.17,1,1.0,1.0,122639.73,France
767,20.0,3,119714.25,2,0.0,1.0,150135.38,Germany
678,38.0,3,0.0,2,1.0,0.0,66561.6,France
628,45.0,8,0.0,2,1.0,0.0,193903.06,France
735,25.0,3,91718.8,1,0.0,0.0,28411.23,France
824,45.0,3,129209.48,1,0.0,0.0,60151.77,France
782,34.0,6,147422.44,1,0.0,1.0,42143.61,Spain
748,39.0,3,157371.54,1,0.0,1.0,97734.3,France
746,33.0,2,107868.14,2,1.0,1.0,146192.4,Germany
581,30.0,1,0.0,2,1.0,0.0,199464.08,France
679,24.0,6,114948.76,2,0.0,1.0,135768.25,France
465,25.0,2,78247.31,2,1.0,1.0,10472.31,France
640,30.0,6,107499.7,1,1.0,1.0,187632.22,France
506,35.0,6,110046.93,2,1.0,0.0,26318.73,Spain
701,63.0,3,120916.52,3,0.0,0.0,144727.45,Germany
636,49.0,6,113599.74,2,1.0,0.0,158887.09,Germany
724,34.0,2,0.0,2,1.0,1.0,118863.38,France
629,45.0,7,129818.39,3,1.0,0.0,9217.55,Germany
575,30.0,8,0.0,2,1.0,0.0,185341.63,Spain
638,42.0,7,165679.92,1,0.0,0.0,32916.29,France
752,35.0,2,0.0,1,1.0,0.0,44335.54,Spain
595,37.0,2,157084.99,1,1.0,0.0,134767.13,Spain
729,28.0,0,0.0,2,1.0,1.0,31165.06,Spain
606,25.0,3,147386.72,3,1.0,0.0,45482.04,Spain
651,28.0,7,0.0,2,1.0,0.0,823.96,France
725,33.0,7,115182.84,2,1.0,1.0,177279.41,Germany
637,33.0,2,145731.83,1,0.0,1.0,109219.43,France
667,55.0,9,154393.43,1,1.0,1.0,137674.96,Germany
668,37.0,10,152958.29,2,1.0,1.0,159585.61,Germany
528,26.0,10,102073.67,2,0.0,0.0,166799.93,France
680,36.0,3,116275.12,1,1.0,1.0,63795.8,France
714,45.0,0,124693.48,1,0.0,1.0,187194.15,Spain
782,34.0,9,0.0,1,1.0,0.0,183021.06,France
567,40.0,8,28649.64,1,1.0,1.0,95140.62,Spain
589,37.0,6,138497.84,1,0.0,1.0,18988.58,France
571,49.0,4,180614.04,1,0.0,0.0,523.0,France
596,41.0,5,0.0,2,0.0,1.0,141053.85,Spain
704,44.0,3,0.0,2,0.0,1.0,152884.85,France
593,45.0,4,138825.19,1,0.0,0.0,10828.78,France
773,34.0,10,126979.75,1,0.0,0.0,36823.28,Germany
537,59.0,9,0.0,2,0.0,0.0,103799.77,France
589,36.0,9,140355.56,2,1.0,0.0,136329.96,Germany
509,55.0,8,132387.91,2,1.0,1.0,170360.11,France
769,39.0,9,0.0,1,1.0,1.0,47722.79,Spain
518,27.0,1,133801.49,1,1.0,1.0,143315.57,France
752,29.0,4,129514.99,1,1.0,1.0,102930.46,Germany
607,36.0,8,143421.74,1,1.0,0.0,97879.02,Germany
676,36.0,3,91711.59,1,1.0,1.0,95393.43,France
469,38.0,9,113599.42,1,0.0,0.0,11950.29,Germany
601,41.0,1,0.0,2,0.0,1.0,160607.06,France
681,43.0,3,66338.68,1,1.0,1.0,18772.5,France
759,44.0,2,111095.58,2,1.0,0.0,100137.7,France
494,41.0,2,69974.66,2,1.0,0.0,188426.13,Spain
618,42.0,2,0.0,4,0.0,0.0,111097.39,France
729,32.0,7,38550.06,1,0.0,1.0,179230.23,France
711,33.0,1,0.0,1,0.0,0.0,41590.4,France
430,33.0,8,0.0,1,1.0,1.0,69759.91,France
694,31.0,5,0.0,1,1.0,0.0,35593.18,Spain
647,47.0,5,105603.21,2,1.0,1.0,157360.9,Spain
623,33.0,8,96759.42,1,1.0,1.0,174777.98,Germany
555,31.0,8,145875.74,1,1.0,0.0,137491.23,France
692,28.0,5,61581.97,1,1.0,1.0,70179.91,France
681,25.0,5,0.0,1,0.0,1.0,90860.97,France
620,33.0,9,127638.35,1,1.0,1.0,192717.57,France
735,50.0,2,0.0,2,0.0,1.0,147075.69,France
606,40.0,5,0.0,2,1.0,1.0,70899.27,France
540,48.0,0,148116.48,1,0.0,0.0,116973.48,France
687,39.0,2,0.0,3,0.0,0.0,188150.6,Spain
638,41.0,9,144326.09,1,1.0,0.0,73979.85,Germany
526,30.0,8,0.0,1,1.0,0.0,36251.0,Spain
808,24.0,4,122168.65,1,1.0,0.0,174107.04,France
574,36.0,3,0.0,2,1.0,1.0,8559.66,Spain
444,34.0,2,144318.97,1,1.0,0.0,112668.06,France
456,63.0,1,165350.61,2,0.0,0.0,140758.07,France
418,39.0,2,0.0,2,0.0,0.0,9041.71,France
645,37.0,1,0.0,2,1.0,1.0,68987.55,France
694,33.0,4,124067.32,1,1.0,1.0,77906.87,Germany
850,49.0,8,0.0,1,0.0,0.0,25867.67,Spain
677,49.0,3,0.0,2,1.0,1.0,187811.71,France
561,33.0,6,0.0,2,0.0,0.0,173680.39,France
538,42.0,1,98548.62,2,0.0,1.0,94047.75,Germany
809,38.0,3,0.0,2,1.0,1.0,80061.31,France
672,31.0,6,91125.75,1,1.0,0.0,177295.92,France
629,28.0,8,108601.0,1,1.0,1.0,119647.7,Germany
526,43.0,3,0.0,2,1.0,0.0,31705.19,Spain
787,42.0,2,74483.97,2,0.0,1.0,44273.91,Germany
697,49.0,7,195238.29,4,0.0,1.0,131083.56,France
520,63.0,5,162278.32,1,1.0,1.0,34765.33,Spain
608,40.0,8,121729.42,1,0.0,0.0,61164.45,Germany
612,38.0,7,110615.47,1,1.0,1.0,193502.93,France
575,43.0,3,0.0,1,1.0,0.0,83594.51,Spain
566,42.0,3,108010.78,1,1.0,1.0,157486.1,France
701,37.0,1,0.0,2,1.0,0.0,163457.55,France
666,44.0,2,122314.5,1,0.0,0.0,68574.88,Germany
767,35.0,6,132253.22,1,1.0,0.0,115566.57,Germany
702,45.0,0,80793.58,1,1.0,1.0,27474.81,France
459,48.0,4,133994.52,1,1.0,1.0,19287.06,Germany
438,60.0,7,78391.17,1,0.0,1.0,49424.6,France
662,37.0,5,94901.09,1,1.0,1.0,48233.75,Spain
777,30.0,4,137851.31,1,1.0,0.0,5008.23,France
514,45.0,3,109032.23,1,0.0,1.0,155407.21,Germany
535,30.0,6,103804.97,1,1.0,1.0,125710.53,France
659,44.0,9,23503.31,1,0.0,1.0,169862.01,France
696,34.0,9,150856.79,1,0.0,1.0,8236.78,France
635,37.0,9,146748.07,1,0.0,1.0,11407.58,Germany
610,37.0,0,0.0,1,1.0,0.0,114514.64,France
650,27.0,6,0.0,2,1.0,0.0,1002.39,France
577,31.0,4,61211.18,1,1.0,1.0,145250.43,Germany
752,38.0,10,101648.5,2,1.0,0.0,172001.44,Germany
704,44.0,9,153656.85,1,1.0,0.0,158742.81,Spain
656,69.0,6,163975.09,1,1.0,1.0,36108.5,Spain
674,21.0,9,120150.39,2,1.0,1.0,33964.03,France
654,43.0,9,84673.17,2,0.0,1.0,82081.35,Germany
574,33.0,3,129834.67,1,1.0,0.0,193131.42,Germany
683,73.0,9,124730.26,1,1.0,1.0,51999.5,Germany
632,38.0,6,86569.76,2,1.0,0.0,98090.91,Germany
515,60.0,9,113715.36,1,1.0,0.0,18424.24,Germany
794,33.0,0,0.0,2,0.0,0.0,178122.71,France
637,34.0,9,0.0,2,0.0,0.0,26057.08,Spain
805,24.0,6,143221.35,2,1.0,0.0,186035.72,Germany
570,23.0,2,0.0,1,0.0,0.0,198830.98,France
619,38.0,10,119658.49,1,1.0,1.0,8646.58,Spain
754,19.0,9,0.0,1,1.0,0.0,189641.11,Spain
661,31.0,3,136067.82,2,1.0,0.0,65567.91,France
731,43.0,9,79120.27,1,0.0,0.0,548.52,Germany
685,30.0,2,0.0,2,1.0,1.0,140889.32,France
850,32.0,4,0.0,1,1.0,1.0,180622.02,France
595,41.0,9,150463.11,2,0.0,1.0,81548.38,Germany
660,37.0,2,97324.91,1,1.0,0.0,23291.83,France
488,28.0,7,139246.22,2,1.0,0.0,106799.49,Germany
606,53.0,1,109330.06,1,1.0,1.0,75860.01,Spain
542,29.0,9,0.0,1,1.0,0.0,8342.35,France
583,38.0,8,0.0,1,1.0,0.0,47848.56,France
595,31.0,4,0.0,2,1.0,0.0,189995.86,France
488,43.0,10,112751.13,1,1.0,1.0,28332.0,France
714,37.0,9,148466.93,2,0.0,1.0,151280.96,France
523,30.0,1,83181.29,1,1.0,1.0,138176.78,France
764,24.0,7,0.0,2,1.0,0.0,186105.99,France
767,36.0,3,0.0,1,0.0,0.0,65147.27,France
766,28.0,3,62717.84,2,1.0,1.0,13182.43,Germany
765,32.0,9,178095.55,1,0.0,0.0,47247.56,Spain
737,44.0,7,0.0,2,0.0,0.0,57898.58,France
567,41.0,0,134378.89,1,1.0,1.0,105746.94,Germany
577,34.0,2,0.0,2,1.0,1.0,84033.35,France
592,37.0,9,0.0,3,1.0,1.0,10656.89,Spain
737,32.0,7,128551.36,2,0.0,1.0,189402.71,France
771,45.0,0,139825.56,1,0.0,0.0,170984.97,Spain
594,24.0,0,97378.54,1,1.0,1.0,71405.17,Spain
537,42.0,1,190569.23,1,0.0,1.0,127154.8,Spain
674,45.0,6,72494.69,1,0.0,1.0,140041.78,France
583,33.0,7,122531.86,1,1.0,0.0,13549.24,France
634,37.0,7,143258.85,2,1.0,0.0,192721.98,Germany
744,41.0,7,190409.34,2,1.0,1.0,138361.48,Germany
525,47.0,6,118560.0,1,1.0,0.0,82522.61,Spain
498,34.0,5,0.0,2,1.0,1.0,91711.66,France
850,44.0,2,112755.34,2,0.0,0.0,158171.36,Germany
615,30.0,9,0.0,1,1.0,0.0,87347.82,France
590,27.0,8,123599.49,2,1.0,0.0,1676.92,Germany
479,37.0,6,118433.94,1,0.0,1.0,160060.9,Spain
661,35.0,8,124098.54,1,1.0,0.0,86678.48,Germany
554,30.0,6,135370.12,1,1.0,1.0,179689.05,Spain
624,28.0,2,0.0,2,0.0,1.0,104353.26,Spain
569,43.0,7,0.0,2,1.0,1.0,77703.19,France
511,66.0,4,0.0,1,1.0,0.0,1643.11,Spain
685,35.0,9,0.0,1,1.0,0.0,167033.83,France
554,46.0,7,87603.35,3,0.0,1.0,96929.24,Spain
655,28.0,10,0.0,2,0.0,1.0,126565.21,France
704,23.0,6,166594.78,1,1.0,1.0,155823.2,France
597,66.0,3,0.0,1,1.0,1.0,70532.53,Spain
576,24.0,3,0.0,1,0.0,1.0,78498.04,France
487,33.0,8,145729.71,1,1.0,0.0,41365.85,Spain
802,33.0,8,0.0,2,1.0,0.0,143706.18,France
591,44.0,10,113581.98,1,1.0,0.0,1985.41,Germany
797,55.0,10,0.0,4,1.0,1.0,49418.87,France
658,31.0,2,77082.65,2,0.0,0.0,13482.28,Germany
593,38.0,4,88736.44,2,1.0,0.0,67020.03,Spain
686,35.0,4,0.0,1,1.0,0.0,8816.37,France
688,46.0,0,74458.25,1,0.0,1.0,6866.31,Germany
588,35.0,7,0.0,2,1.0,1.0,108739.15,Spain
835,18.0,2,142872.36,1,1.0,1.0,117632.63,Germany
623,48.0,1,108076.33,1,1.0,0.0,118855.26,Germany
747,37.0,1,0.0,2,0.0,1.0,180551.76,Spain
682,42.0,0,0.0,1,1.0,1.0,160828.98,France
701,35.0,9,0.0,2,0.0,0.0,170996.86,Spain
679,45.0,3,146758.24,1,1.0,0.0,48466.89,France
797,24.0,5,0.0,2,1.0,0.0,182257.61,France
465,33.0,8,0.0,2,1.0,0.0,177668.55,France
633,59.0,5,0.0,1,1.0,1.0,137273.97,France
545,38.0,1,88293.13,2,1.0,1.0,24302.95,France
666,50.0,7,109062.28,1,1.0,1.0,140136.1,Germany
684,46.0,3,102955.14,2,1.0,0.0,154137.33,Germany
606,41.0,4,132670.53,1,1.0,0.0,156476.36,Germany
663,45.0,5,83195.12,1,1.0,1.0,48682.1,France
786,32.0,2,104336.43,2,0.0,0.0,59559.81,Germany
701,38.0,3,125385.49,2,0.0,1.0,52044.66,Germany
470,48.0,6,140576.11,1,1.0,1.0,116971.05,Spain
636,52.0,4,111284.53,1,0.0,1.0,32936.44,Spain
573,44.0,9,0.0,2,1.0,0.0,107124.17,Spain
765,42.0,4,123311.39,2,1.0,1.0,82868.34,France
631,31.0,8,137687.72,1,1.0,0.0,190067.12,France
644,31.0,5,86006.3,1,1.0,1.0,73922.95,Spain
632,50.0,2,0.0,2,0.0,0.0,57942.88,France
704,24.0,10,122109.78,1,1.0,1.0,127654.37,Spain
711,51.0,7,0.0,3,1.0,0.0,38409.79,France
635,38.0,0,103257.14,1,0.0,0.0,158344.63,Spain
619,30.0,7,70729.17,1,1.0,1.0,160948.87,France
713,38.0,9,72286.84,2,1.0,1.0,26136.89,France
645,33.0,8,149564.61,1,0.0,0.0,149913.84,Germany
586,33.0,9,0.0,1,1.0,0.0,6975.02,France
709,45.0,4,122917.71,1,1.0,1.0,11.58,Germany
850,34.0,4,71379.53,2,1.0,1.0,154000.99,France
603,35.0,9,145623.36,1,1.0,0.0,163181.62,Germany
626,39.0,10,132287.92,3,1.0,1.0,51467.92,Germany
842,44.0,3,141252.18,4,0.0,1.0,128521.16,France
612,62.0,8,140745.33,1,1.0,0.0,193437.89,Germany
775,32.0,2,108698.96,2,1.0,1.0,161069.73,France
701,23.0,3,0.0,2,1.0,0.0,38960.59,France
820,33.0,2,132150.26,2,1.0,0.0,23067.97,France
503,42.0,8,104430.08,1,1.0,1.0,147557.71,France
700,82.0,2,0.0,2,0.0,1.0,182055.36,France
547,32.0,2,0.0,2,1.0,0.0,132002.83,France
641,37.0,2,0.0,2,1.0,0.0,3939.87,France
623,39.0,1,160903.2,1,0.0,0.0,78774.36,France
765,43.0,4,148962.76,1,0.0,1.0,173878.87,Germany
573,26.0,8,86270.93,2,1.0,1.0,90177.3,France
558,40.0,6,0.0,2,1.0,0.0,173844.89,France
509,25.0,3,108738.71,2,1.0,0.0,106920.57,Spain
688,54.0,9,0.0,1,1.0,0.0,191212.63,France
709,24.0,3,110949.41,1,1.0,1.0,168515.61,France
703,73.0,5,137761.55,1,1.0,1.0,159677.46,Spain
705,25.0,9,0.0,2,0.0,1.0,112331.19,France
647,35.0,3,166518.63,2,1.0,0.0,147930.46,Germany
663,28.0,8,123674.28,2,1.0,1.0,87985.2,Germany
679,44.0,3,118742.74,2,1.0,0.0,1568.91,France
584,39.0,2,112687.69,1,1.0,1.0,127749.61,France
665,51.0,9,110610.41,2,0.0,1.0,1112.76,Germany
634,56.0,3,116251.24,1,0.0,1.0,42429.88,Germany
635,48.0,2,0.0,2,1.0,1.0,136551.25,Spain
630,31.0,2,112373.49,2,1.0,1.0,131167.98,Germany
580,31.0,2,0.0,2,0.0,1.0,64014.24,France
683,30.0,1,113257.2,1,1.0,1.0,65035.02,Spain
550,45.0,8,111257.59,1,0.0,0.0,97623.42,Germany
542,34.0,8,108653.93,1,0.0,1.0,144725.14,Spain
534,35.0,4,0.0,2,0.0,0.0,9541.15,Spain
644,37.0,9,0.0,2,1.0,1.0,96442.86,Spain
587,39.0,6,101851.8,2,1.0,0.0,7103.71,Germany
609,71.0,6,113317.1,1,1.0,0.0,108258.22,Germany
763,35.0,7,115651.6,2,1.0,1.0,104706.29,France
732,41.0,8,0.0,2,1.0,1.0,170886.17,France
503,25.0,7,0.0,1,0.0,1.0,192841.13,Spain
588,21.0,8,0.0,2,1.0,1.0,110114.19,France
718,34.0,5,113922.44,2,1.0,0.0,30772.22,Spain
841,74.0,9,108131.53,1,0.0,1.0,60830.38,France
516,47.0,6,109387.33,1,0.0,0.0,121365.45,France
534,33.0,3,151233.62,1,0.0,0.0,199336.63,Spain
776,37.0,1,93124.04,2,1.0,1.0,196079.32,Germany
700,38.0,8,134811.3,1,1.0,0.0,1299.75,France
572,23.0,2,126873.52,1,0.0,1.0,67040.12,Spain
514,30.0,7,0.0,1,0.0,1.0,125010.24,Spain
589,31.0,10,110635.32,1,1.0,0.0,148218.86,France
705,48.0,0,0.0,2,0.0,0.0,149772.61,France
682,47.0,10,134032.01,1,1.0,0.0,144290.97,Spain
456,32.0,9,147506.25,1,1.0,1.0,135399.21,Spain
533,38.0,1,135289.33,2,0.0,1.0,152956.33,Spain
773,41.0,7,190238.93,1,1.0,1.0,57549.65,France
546,52.0,1,106074.89,1,1.0,1.0,23548.45,Germany
624,51.0,5,174397.21,2,1.0,1.0,172372.63,Spain
584,59.0,1,0.0,1,0.0,1.0,130260.11,Spain
615,39.0,4,133707.09,1,1.0,1.0,108152.75,France
547,62.0,10,127738.75,2,1.0,1.0,85153.0,France
653,74.0,0,121276.32,1,1.0,1.0,160348.31,France
838,43.0,9,123105.88,2,1.0,0.0,145765.83,Spain
581,26.0,3,105099.45,1,1.0,1.0,184520.0,Germany
591,24.0,6,147360.0,1,1.0,1.0,25310.82,France
556,38.0,2,115463.16,1,1.0,0.0,150679.65,Spain
664,44.0,7,77526.66,3,0.0,0.0,57338.56,Spain
624,38.0,7,123906.55,1,1.0,0.0,135096.78,Spain
777,37.0,1,0.0,1,1.0,1.0,126837.72,France
695,42.0,5,0.0,1,0.0,1.0,72172.13,France
666,39.0,10,0.0,2,1.0,0.0,102999.33,France
807,36.0,4,0.0,2,0.0,1.0,147007.33,France
470,31.0,4,55732.92,2,1.0,1.0,103792.53,Spain
608,33.0,9,89968.69,1,1.0,0.0,68777.26,France
680,43.0,4,0.0,2,1.0,1.0,58761.33,France
661,41.0,5,0.0,1,0.0,1.0,88279.6,France
582,50.0,6,96486.57,2,1.0,1.0,20344.02,Germany
586,28.0,2,0.0,2,1.0,1.0,92067.35,Spain
535,47.0,0,160729.1,1,0.0,1.0,145986.35,France
645,41.0,2,93925.3,1,1.0,0.0,123982.14,Germany
699,22.0,9,99339.0,1,1.0,0.0,68297.61,France
514,32.0,8,0.0,2,1.0,0.0,95857.18,France
725,39.0,1,50880.98,2,1.0,1.0,184023.54,Germany
617,26.0,2,165947.99,2,0.0,1.0,168834.38,France
547,51.0,1,0.0,2,1.0,1.0,56908.41,France
605,52.0,1,63349.75,1,1.0,0.0,108887.44,France
594,37.0,2,0.0,2,0.0,1.0,95864.5,France
581,54.0,4,89299.81,1,0.0,0.0,5558.47,France
662,32.0,9,0.0,2,0.0,0.0,65089.38,France
596,37.0,2,0.0,1,0.0,1.0,121175.86,France
516,46.0,6,62212.29,1,0.0,1.0,171681.86,France
544,33.0,6,0.0,2,1.0,1.0,124113.04,France
611,36.0,10,103294.56,1,1.0,0.0,160548.12,Germany
768,48.0,3,122831.58,1,1.0,1.0,24533.89,Germany
548,32.0,5,175214.71,1,1.0,1.0,155165.61,Germany
619,41.0,8,142015.76,2,1.0,0.0,114323.66,Germany
634,41.0,7,0.0,2,1.0,1.0,131284.93,France
614,51.0,4,40685.92,1,1.0,1.0,46775.28,France
580,33.0,7,131647.01,2,0.0,0.0,79775.19,Germany
731,21.0,8,132312.06,1,1.0,0.0,106663.46,Germany
680,33.0,1,123082.08,1,1.0,0.0,134960.98,France
447,41.0,3,0.0,4,1.0,1.0,197490.39,France
593,62.0,3,118233.81,1,0.0,1.0,24765.53,Germany
481,39.0,1,111233.09,1,1.0,1.0,123995.15,Spain
735,55.0,6,134140.68,1,1.0,0.0,2267.88,France
743,36.0,4,0.0,2,1.0,1.0,190911.02,France
705,39.0,5,149379.66,2,1.0,0.0,96075.55,France
765,43.0,9,157960.49,2,0.0,0.0,136602.8,France
526,37.0,5,53573.18,1,1.0,0.0,62830.97,France
580,36.0,6,145387.32,2,1.0,1.0,169963.2,Germany
422,54.0,4,0.0,2,1.0,1.0,7166.71,Spain
640,48.0,1,111599.32,1,0.0,1.0,135995.58,Germany
639,54.0,2,0.0,2,1.0,1.0,53843.71,Spain
650,71.0,0,0.0,1,1.0,1.0,175380.77,Spain
744,29.0,1,0.0,1,0.0,0.0,82422.97,France
750,36.0,6,0.0,2,1.0,1.0,59816.41,Spain
573,32.0,9,125321.84,2,1.0,1.0,130234.63,France
646,38.0,2,0.0,2,0.0,0.0,178752.73,France
720,34.0,6,110717.38,1,1.0,1.0,9398.45,France
648,39.0,6,130694.89,2,1.0,1.0,153955.38,France
612,62.0,0,167026.61,2,1.0,1.0,192892.05,Spain
776,33.0,8,115130.34,1,0.0,0.0,129525.5,Germany
576,33.0,3,0.0,2,0.0,1.0,190112.05,Spain
700,37.0,1,135179.49,1,1.0,0.0,160670.37,France
676,43.0,2,0.0,1,1.0,1.0,55119.53,France
768,47.0,5,104552.61,1,1.0,0.0,48137.08,Germany
518,45.0,9,105525.65,2,1.0,1.0,73418.29,France
660,41.0,3,0.0,2,1.0,1.0,108665.89,France
710,32.0,3,0.0,1,1.0,0.0,94790.34,France
528,40.0,4,0.0,2,1.0,0.0,25399.7,Spain
748,60.0,3,0.0,2,1.0,1.0,78194.37,Spain
663,42.0,7,115930.87,1,1.0,0.0,19862.78,Germany
793,39.0,3,137817.52,1,0.0,0.0,83997.79,France
753,38.0,6,142263.45,1,0.0,1.0,33730.43,France
645,45.0,8,85325.93,1,0.0,0.0,22558.74,France
643,45.0,4,45144.43,1,1.0,0.0,60917.24,France
646,25.0,5,182876.88,2,1.0,1.0,42537.59,Spain
615,19.0,5,0.0,2,1.0,0.0,159920.92,Spain
690,39.0,6,0.0,2,1.0,0.0,160532.88,France
603,31.0,8,0.0,2,1.0,1.0,169915.02,France
550,48.0,6,0.0,2,1.0,1.0,191870.28,France
706,29.0,2,0.0,2,1.0,1.0,18255.51,Spain
705,39.0,8,144102.32,1,1.0,1.0,11682.36,Spain
430,35.0,1,118894.22,1,0.0,0.0,2923.61,France
587,39.0,10,0.0,2,1.0,1.0,170409.45,France
653,51.0,3,0.0,1,1.0,0.0,170426.65,France
504,56.0,9,104217.3,1,0.0,0.0,55857.48,Germany
816,38.0,5,130878.75,3,1.0,0.0,71905.77,Germany
573,33.0,1,160777.9,1,1.0,1.0,149536.15,Spain
850,43.0,3,0.0,2,0.0,0.0,2465.8,France
559,32.0,9,145303.52,1,1.0,0.0,103560.98,France
676,33.0,6,171490.78,1,0.0,0.0,79099.64,France
445,62.0,1,64119.38,1,1.0,1.0,76569.64,Spain
678,32.0,4,139626.01,1,1.0,1.0,118235.52,Germany
616,43.0,7,95984.21,1,0.0,1.0,115262.54,Germany
506,40.0,3,0.0,1,1.0,1.0,144345.58,France
798,28.0,3,0.0,2,1.0,0.0,2305.27,France
675,54.0,2,0.0,1,1.0,0.0,149583.67,France
676,61.0,8,0.0,2,1.0,1.0,118522.73,France
579,64.0,6,145215.43,1,1.0,1.0,164083.72,Germany
670,39.0,8,101928.51,1,0.0,0.0,89205.54,France
701,21.0,9,0.0,2,1.0,1.0,26327.42,Spain
569,35.0,10,124525.52,1,1.0,1.0,193793.78,France
476,34.0,10,0.0,2,1.0,0.0,26260.98,France
754,45.0,6,0.0,1,1.0,0.0,73881.68,France
627,39.0,5,124586.93,1,1.0,0.0,93132.61,Germany
838,34.0,8,0.0,2,1.0,0.0,27472.07,France
816,67.0,6,151858.98,1,1.0,1.0,72814.31,Spain
745,28.0,6,0.0,2,1.0,0.0,154389.18,France
586,42.0,6,126704.49,2,1.0,0.0,41682.3,Germany
590,44.0,3,139432.37,1,1.0,0.0,62222.81,Spain
720,46.0,3,97042.6,1,1.0,1.0,133516.51,Germany
639,38.0,5,130170.82,1,1.0,1.0,149599.62,Germany
494,33.0,1,137853.0,1,0.0,1.0,90273.85,France
747,21.0,4,81025.6,2,1.0,0.0,167682.57,France
668,30.0,8,0.0,2,1.0,0.0,138465.7,Spain
695,37.0,2,0.0,2,1.0,1.0,99692.65,France
804,33.0,7,76548.6,1,0.0,1.0,98453.45,Spain
466,41.0,2,152102.18,2,1.0,0.0,181879.56,Germany
756,30.0,2,145127.85,1,0.0,0.0,7554.68,Spain
697,48.0,1,0.0,2,1.0,1.0,87400.53,France
792,28.0,4,130142.79,1,1.0,0.0,38190.78,France
646,50.0,0,104129.24,2,1.0,0.0,181794.86,France
710,35.0,1,106518.52,1,1.0,1.0,127951.81,Spain
619,38.0,3,96143.47,1,0.0,0.0,98994.92,Spain
533,43.0,4,80442.06,2,0.0,1.0,12537.42,Germany
643,33.0,7,98630.31,2,1.0,1.0,40250.82,Germany
625,39.0,5,0.0,2,1.0,0.0,32615.21,France
558,45.0,4,0.0,1,1.0,0.0,131807.14,Spain
680,58.0,8,0.0,2,1.0,1.0,65708.5,Spain
774,46.0,9,0.0,2,1.0,1.0,34774.26,Spain
725,46.0,6,0.0,2,1.0,0.0,161767.38,France
564,62.0,5,114931.35,3,0.0,1.0,18260.98,Germany
527,32.0,7,0.0,2,1.0,1.0,44099.75,France
636,39.0,3,118336.14,1,1.0,0.0,184691.77,France
684,27.0,9,122550.05,2,0.0,1.0,137835.82,France
650,37.0,9,0.0,2,1.0,0.0,17974.08,France
850,34.0,6,0.0,1,0.0,1.0,52796.31,France
592,34.0,9,0.0,2,1.0,1.0,20460.2,France
679,36.0,1,97234.58,1,1.0,0.0,188997.08,France
818,43.0,10,105301.5,1,1.0,1.0,78941.59,Germany
609,25.0,10,0.0,1,0.0,1.0,109895.16,France
751,31.0,8,0.0,2,0.0,0.0,17550.49,France
490,38.0,3,97266.1,1,1.0,1.0,92797.23,Spain
614,41.0,3,123475.04,1,1.0,1.0,179227.52,France
405,39.0,10,0.0,1,1.0,0.0,160810.85,France
823,37.0,5,164858.18,1,1.0,1.0,173516.71,France
818,49.0,2,0.0,1,0.0,1.0,192298.84,France
536,28.0,4,0.0,1,1.0,1.0,136197.65,Spain
666,30.0,7,109805.3,1,0.0,1.0,163625.56,France
842,29.0,8,0.0,2,1.0,1.0,123437.05,France
539,22.0,0,100885.93,2,1.0,1.0,38772.65,France
748,34.0,8,0.0,2,1.0,0.0,53584.03,France
508,49.0,1,93817.41,2,1.0,1.0,132468.76,France
591,39.0,8,0.0,2,0.0,0.0,42392.24,Spain
723,48.0,7,0.0,2,1.0,1.0,150694.58,France
480,40.0,6,148790.61,1,0.0,1.0,79329.7,France
559,43.0,1,0.0,2,1.0,1.0,196645.87,France
522,34.0,3,0.0,2,1.0,1.0,3894.34,France
665,51.0,8,0.0,1,1.0,1.0,38928.48,Spain
758,40.0,3,0.0,2,0.0,0.0,96097.65,Spain
602,30.0,9,113672.18,2,0.0,0.0,102135.92,Spain
715,23.0,7,139224.92,2,1.0,0.0,65057.71,France
561,37.0,1,100443.36,2,0.0,1.0,101693.73,France
422,41.0,6,153238.88,1,1.0,0.0,11663.09,France
736,26.0,4,135889.13,1,1.0,1.0,165692.03,Spain
744,44.0,3,0.0,2,1.0,1.0,189016.14,France
608,45.0,4,0.0,2,0.0,0.0,36697.48,Spain
626,27.0,4,115084.53,2,0.0,1.0,26907.43,Germany
770,45.0,4,110765.68,1,1.0,0.0,26163.74,Germany
670,41.0,10,0.0,3,1.0,0.0,81602.02,France
671,31.0,7,41299.03,1,0.0,1.0,102681.32,France
630,55.0,2,0.0,1,1.0,1.0,106202.07,France
675,39.0,7,0.0,2,0.0,1.0,36267.21,France
729,67.0,2,94203.8,1,0.0,1.0,102391.06,France
570,29.0,4,153040.03,1,1.0,1.0,131363.57,France
621,40.0,7,0.0,2,0.0,1.0,131283.6,Spain
523,61.0,8,66250.71,1,1.0,1.0,21859.06,France
743,43.0,5,0.0,2,0.0,0.0,113079.19,France
469,35.0,5,0.0,2,1.0,0.0,186490.37,Spain
739,36.0,0,0.0,2,0.0,0.0,133465.57,France
849,41.0,9,115465.28,1,1.0,0.0,103174.5,France
555,30.0,1,0.0,2,0.0,0.0,88146.86,France
769,40.0,9,133871.05,1,1.0,1.0,50568.02,France
435,54.0,3,0.0,1,1.0,0.0,156910.46,France
468,28.0,3,0.0,2,1.0,0.0,170661.02,Spain
554,43.0,10,0.0,2,1.0,0.0,149629.13,France
559,67.0,9,125919.35,1,1.0,0.0,175910.95,Spain
579,27.0,9,0.0,2,1.0,0.0,126838.7,France
615,24.0,8,108528.07,2,0.0,0.0,179488.41,Germany
624,23.0,5,0.0,2,0.0,0.0,132418.59,France
643,30.0,5,94443.77,1,1.0,1.0,165614.4,France
744,38.0,9,0.0,2,0.0,0.0,20940.76,France
731,46.0,10,0.0,2,1.0,0.0,153015.42,Spain
691,29.0,9,0.0,2,0.0,0.0,199635.93,France
522,25.0,5,94049.92,2,1.0,0.0,103269.0,Germany
702,35.0,8,14262.8,2,1.0,0.0,54689.16,Spain
685,43.0,6,117302.62,1,0.0,0.0,68701.73,Spain
850,28.0,9,0.0,2,1.0,1.0,164864.67,France
735,34.0,1,141796.43,1,1.0,0.0,45858.49,France
538,38.0,8,88758.95,2,0.0,0.0,28226.15,France
382,36.0,0,0.0,1,1.0,1.0,179540.73,Spain
577,46.0,1,0.0,1,1.0,1.0,158750.53,France
597,46.0,4,0.0,2,1.0,0.0,58667.16,Spain
557,34.0,3,0.0,1,0.0,1.0,123427.98,Spain
634,37.0,3,111432.77,2,1.0,1.0,167032.49,Germany
782,32.0,9,0.0,1,1.0,1.0,87566.97,France
584,49.0,8,172713.44,1,1.0,0.0,113860.81,France
585,56.0,4,138227.19,2,1.0,1.0,55287.84,France
668,38.0,10,86977.96,1,0.0,1.0,37094.75,France
680,44.0,0,129974.79,2,1.0,1.0,33391.38,Germany
489,47.0,8,103894.38,2,1.0,1.0,107625.46,France
578,46.0,5,113226.47,1,1.0,0.0,56770.76,France
688,24.0,3,0.0,2,1.0,1.0,102195.16,Spain
549,54.0,5,92877.33,1,1.0,0.0,2619.64,Germany
850,70.0,1,96947.58,3,1.0,0.0,62282.99,Germany
815,39.0,6,0.0,1,1.0,1.0,85167.88,Spain
766,27.0,5,126285.73,1,1.0,0.0,177614.17,Germany
713,38.0,6,116980.78,2,0.0,1.0,76038.38,Spain
710,43.0,9,128284.45,1,1.0,0.0,32996.89,France
597,24.0,0,108058.07,2,1.0,1.0,187826.11,Spain
777,44.0,3,124655.59,2,0.0,1.0,79792.3,Germany
667,39.0,7,167557.12,1,1.0,1.0,41183.02,Spain
590,34.0,6,0.0,2,1.0,0.0,171021.44,Spain
746,37.0,2,0.0,2,1.0,0.0,143194.05,France
623,24.0,7,148167.83,2,1.0,1.0,109470.34,France
687,35.0,8,100988.39,2,1.0,0.0,22247.27,Spain
721,54.0,5,0.0,2,1.0,1.0,4493.12,France
601,26.0,8,78892.23,1,1.0,1.0,23703.52,France
583,27.0,4,105907.42,2,1.0,1.0,195732.04,Germany
597,41.0,4,153198.23,1,1.0,1.0,92090.36,France
701,30.0,3,156660.72,2,1.0,0.0,45742.42,France
662,34.0,2,117731.79,2,0.0,1.0,55120.79,France
796,30.0,2,137262.71,2,1.0,0.0,62905.29,France
593,41.0,4,119703.1,2,1.0,1.0,109783.29,Germany
755,45.0,7,135643.0,1,0.0,0.0,143619.52,Germany
691,44.0,6,134066.1,2,1.0,1.0,197572.41,France
601,46.0,3,98202.76,1,0.0,0.0,137763.93,France
740,37.0,9,0.0,2,1.0,1.0,73225.31,France
743,39.0,6,0.0,2,1.0,0.0,44265.28,France
614,36.0,1,118311.76,1,1.0,0.0,146134.68,France
680,48.0,8,115115.38,1,1.0,0.0,139558.6,Germany
685,40.0,7,74896.92,1,1.0,0.0,198694.2,Spain
556,34.0,8,163757.06,1,1.0,1.0,104000.06,France
777,58.0,4,0.0,1,1.0,1.0,62449.07,France
683,36.0,7,0.0,2,1.0,0.0,104786.59,Spain
611,38.0,7,0.0,1,1.0,1.0,63202.0,France
601,29.0,9,0.0,1,1.0,1.0,80393.27,France
520,39.0,6,145644.05,1,0.0,0.0,104118.93,France
822,38.0,6,128289.7,3,1.0,0.0,9149.96,France
783,59.0,9,126224.87,1,1.0,1.0,4423.63,Spain
677,36.0,7,0.0,1,1.0,0.0,47318.75,France
850,36.0,1,104077.19,2,0.0,1.0,68594.0,France
850,29.0,7,0.0,2,1.0,0.0,23237.25,Spain
693,21.0,1,0.0,2,1.0,1.0,3494.02,France
633,26.0,8,124281.84,1,1.0,1.0,60116.57,France
634,74.0,5,108891.7,1,1.0,0.0,10078.02,Germany
580,23.0,5,113923.81,2,0.0,0.0,196241.43,France
591,39.0,4,150500.64,1,1.0,0.0,14928.8,France
622,32.0,6,169089.38,2,1.0,0.0,101057.95,France
591,40.0,2,99886.42,2,1.0,1.0,88695.19,France
653,41.0,1,104584.11,1,1.0,0.0,15126.32,Germany
633,37.0,9,156091.97,1,1.0,0.0,72008.61,France
686,56.0,5,111642.08,1,1.0,1.0,80553.87,Germany
714,27.0,3,0.0,3,1.0,1.0,129130.09,Spain
710,34.0,9,134260.36,2,1.0,0.0,147074.67,Germany
547,48.0,1,179380.74,2,0.0,1.0,69263.1,France
727,61.0,0,128213.96,2,1.0,1.0,188729.08,France
512,46.0,3,0.0,2,1.0,1.0,56408.14,Spain
494,67.0,5,0.0,2,1.0,1.0,85890.16,Spain
581,47.0,1,122949.14,1,0.0,0.0,180251.68,France
545,37.0,3,91184.01,1,1.0,0.0,105476.65,France
528,34.0,1,125566.9,1,1.0,1.0,176763.27,France
632,42.0,6,59972.26,2,0.0,1.0,148172.94,Germany
584,31.0,6,152622.34,1,1.0,0.0,99298.8,Germany
743,37.0,8,69143.91,2,0.0,1.0,105780.18,France
705,30.0,1,0.0,1,1.0,1.0,181300.32,France
593,74.0,5,161434.36,2,1.0,1.0,65532.17,Germany
798,60.0,6,96956.1,1,1.0,0.0,31907.44,France
520,43.0,7,0.0,2,1.0,1.0,36202.74,Spain
702,40.0,7,145536.9,1,0.0,1.0,135334.24,France
648,32.0,8,0.0,1,1.0,0.0,133653.38,Spain
632,65.0,6,129472.33,1,1.0,1.0,85179.48,Germany
568,36.0,10,153610.61,1,1.0,1.0,54083.8,Spain
714,29.0,4,0.0,2,1.0,1.0,37605.9,Spain
694,36.0,3,97530.25,1,1.0,1.0,117140.41,France
729,36.0,8,109106.8,1,0.0,0.0,121311.12,France
669,57.0,5,0.0,2,1.0,1.0,56875.76,France
712,35.0,7,124616.23,1,1.0,1.0,69320.97,France
549,45.0,3,143734.01,2,1.0,1.0,96404.38,Germany
792,30.0,8,0.0,2,1.0,0.0,199644.2,France
555,33.0,5,127343.4,1,0.0,1.0,121789.3,Spain
640,28.0,7,0.0,2,1.0,1.0,131097.9,France
690,49.0,8,116622.73,1,0.0,1.0,51011.29,Spain
777,39.0,8,0.0,2,1.0,1.0,18613.52,France
667,42.0,10,64404.26,2,0.0,0.0,26022.37,Germany
534,41.0,9,0.0,2,1.0,0.0,13871.34,France
614,35.0,1,0.0,2,1.0,1.0,3342.62,France
604,34.0,3,0.0,2,1.0,0.0,38587.7,Spain
636,38.0,1,0.0,1,1.0,0.0,45015.38,France
544,48.0,10,78314.63,3,1.0,1.0,103713.93,France
416,32.0,0,0.0,2,0.0,1.0,878.87,France
733,32.0,5,0.0,2,1.0,0.0,131625.14,Spain
565,38.0,5,126645.13,1,1.0,1.0,168303.55,France
680,31.0,9,0.0,2,1.0,0.0,36145.53,France
414,38.0,8,0.0,1,0.0,1.0,77661.12,France
589,45.0,1,0.0,1,0.0,0.0,125939.22,Spain
608,23.0,8,197715.93,2,1.0,1.0,116124.28,Germany
818,31.0,1,186796.37,1,0.0,0.0,178252.63,France
410,33.0,6,125789.69,1,0.0,0.0,66333.56,France
577,40.0,1,0.0,2,1.0,1.0,108787.0,Spain
678,38.0,3,124483.53,1,1.0,0.0,126253.31,Spain
850,31.0,3,51293.47,1,0.0,0.0,35534.68,Germany
646,52.0,8,59669.43,1,0.0,0.0,172495.81,France
543,37.0,8,140894.06,2,1.0,1.0,118059.19,Germany
633,58.0,2,128137.42,2,1.0,0.0,147635.33,Germany
565,49.0,7,0.0,2,1.0,1.0,89609.26,France
679,33.0,9,112528.65,2,1.0,0.0,177362.45,France
850,36.0,3,0.0,2,1.0,0.0,195033.07,France
658,32.0,5,145553.07,1,1.0,1.0,31484.76,Spain
794,45.0,8,88656.37,2,1.0,0.0,116547.31,Spain
658,35.0,5,126397.66,1,0.0,0.0,156361.58,France
720,37.0,2,120328.88,2,1.0,1.0,138470.21,France
711,36.0,9,137688.71,1,1.0,1.0,46884.1,France
643,39.0,7,0.0,2,1.0,1.0,170392.59,France
598,27.0,8,90721.52,2,1.0,0.0,109296.18,Spain
688,32.0,6,123157.95,1,1.0,0.0,172531.23,France
721,36.0,3,65253.07,2,1.0,0.0,28737.78,Germany
695,42.0,7,121453.63,1,0.0,0.0,46374.64,France
795,56.0,9,94348.94,1,1.0,0.0,29239.29,Germany
628,36.0,3,91286.51,1,1.0,0.0,63085.94,Germany
732,62.0,2,0.0,2,1.0,1.0,25438.87,France
673,35.0,6,0.0,2,1.0,0.0,98618.79,Spain
588,27.0,8,0.0,1,1.0,0.0,20066.38,France
549,24.0,9,0.0,2,1.0,1.0,14406.41,Spain
725,36.0,4,118520.26,1,0.0,0.0,131173.9,Spain
429,60.0,7,0.0,2,1.0,1.0,163691.48,France
745,55.0,9,110123.59,1,0.0,1.0,51548.14,France
626,62.0,3,0.0,1,1.0,1.0,65010.74,Spain
603,56.0,5,90778.76,2,1.0,0.0,162223.67,Spain
550,45.0,0,0.0,2,0.0,1.0,70399.71,Spain
638,34.0,7,0.0,2,0.0,0.0,3946.29,Spain
617,79.0,7,0.0,1,1.0,1.0,160589.18,France
543,35.0,10,59408.63,1,1.0,0.0,76773.53,Spain
687,38.0,9,122570.87,1,1.0,1.0,35608.88,France
522,37.0,3,95022.57,1,1.0,1.0,129107.59,Germany
595,23.0,7,0.0,2,1.0,1.0,168085.97,Spain
683,43.0,4,115888.04,1,1.0,1.0,117349.19,Germany
774,36.0,9,114997.42,1,1.0,0.0,75304.09,France
703,32.0,6,0.0,2,0.0,0.0,33606.52,France
632,28.0,7,155519.59,1,1.0,0.0,1843.24,Spain
746,49.0,7,0.0,2,0.0,1.0,10096.25,Spain
692,29.0,4,0.0,1,1.0,0.0,76755.99,France
751,30.0,3,165257.2,1,0.0,0.0,134822.05,France
765,37.0,7,102708.77,1,1.0,0.0,9087.81,Germany
